-- Inserting sample data into Role table
INSERT INTO [Role] (
    [RoleId], 
    [Rolename], 
    [Description]
)
VALUES
('RO1', 'Buyer', 'Administrator with full system access and permissions'),
('RO2', 'Staff', 'Staff member responsible for managing operations'),
('RO3', 'Staff', 'User with permissions to browse and purchase products'),
('RO4', 'Admin', 'User with permissions to list and sell products');

-- Inserting 10 sample records into SellConfig table
INSERT INTO [SellConfig] (
    [SellConfigId], 
    [Commision]
)
VALUES
('SELLCONFIG001', 1.2), 
('SELLCONFIG002', 1.0), 
('SELLCONFIG003', 0.8), 
('SELLCONFIG004', 3.5), 
('SELLCONFIG005', 5.5), 
('SELLCONFIG006', 4.0), 
('SELLCONFIG007', 6.5), 
('SELLCONFIG008', 3.0), 
('SELLCONFIG009', 7.0), 
('SELLCONFIG010', 4.8);


INSERT INTO [User] (
    [UserId], 
    [SellConfigId], 
    [Username], 
    [Password], 
    [Status], 
    [CreateDate], 
    [Gmail], 
    [Fullname], 
    [Sex], 
    [Phone], 
    [Address], 
    [Avatar], 
    [Birthday], 
    [Bio], 
    [Verify], 
    [Bank], 
    [BankType], 
    [SellAddress], 
    [Cccd]
)
VALUES
('USER001', 'SELLCONFIG009', 'hoangtrong@gmail.com', 'password123', 1, GETDATE(), 'hoangtrong@gmail.com', N'Hoàng Trọng', N'Nam', '0901234567', N'Hà Nội, Việt Nam', 'USER009', '1990-05-12', N'Bio của Hoàng Trọng, một người yêu công nghệ và du lịch.', 1, N'Ngân hàng Techcombank', 'Savings', N'Hà Nội', 'CCCD009'),

('USER002', 'SELLCONFIG010', 'lanhuyen@gmail.com', 'password123', 1, GETDATE(), 'lanhuyen@gmail.com', N'Lê Huyền', N'Nữ', '0902345678', N'TP.HCM, Việt Nam', 'USER010', '1992-08-15', N'Bio của Lê Huyền, thích đọc sách và nấu ăn.', 1, N'Ngân hàng Vietcombank', 'Checking', 'TP.HCM', 'CCCD010'),

('USER003', 'SELLCONFIG001', 'tuananh@gmail.com', 'password123', 1, GETDATE(), 'tuananh@gmail.com', N'Nguyễn Tuấn Anh', N'Nam', '0903456789', N'Đà Nẵng, Việt Nam', 'USER011', '1993-02-20', N'Bio của Nguyễn Tuấn Anh, đam mê thể thao và du lịch.', 1, N'Ngân hàng BIDV', 'Savings', N'Đà Nẵng', 'CCCD011'),

('USER004', 'SELLCONFIG002', 'thuyduong@gmail.com', 'password123', 1, GETDATE(), 'thuyduong@gmail.com', N'Nguyễn Thùy Dương', N'Nữ', '0904567890', N'Hải Phòng, Việt Nam', 'USER012', '1994-04-25', N'Bio của Nguyễn Thùy Dương, yêu thích nghệ thuật và du lịch.', 1, N'Ngân hàng Agribank', 'Checking', N'Hải Phòng', 'CCCD012'),

('USER005', 'SELLCONFIG003', 'minhchieu@gmail.com', 'password123', 1, GETDATE(), 'minhchieu@gmail.com', N'Trần Minh Chiếu', N'Nam', '0905678901', N'Nha Trang, Việt Nam', 'USER013', '1995-07-30', N'Bio của Trần Minh Chiếu, thích khám phá ẩm thực.', 1, N'Ngân hàng MB Bank', 'Savings', N'Nha Trang', 'CCCD013'),

('USER006', 'SELLCONFIG004', 'ngoclan@gmail.com', 'password123', 1, GETDATE(), 'ngoclan@gmail.com', N'Nguyễn Ngọc Lan', N'Nữ', '0906789012', N'Cần Thơ, Việt Nam', 'USER014', '1996-10-10', N'Bio của Nguyễn Ngọc Lan, thích yoga và phim ảnh.', 1, N'Ngân hàng Vietinbank', 'Checking', N'Cần Thơ', 'CCCD014'),

('USER007', 'SELLCONFIG005', 'quanghieu@gmail.com', 'password123', 1, GETDATE(), 'quanghieu@gmail.com', N'Nguyễn Quang Hiếu', N'Nam', '0907890123', N'Quảng Ninh, Việt Nam', 'USER015', '1997-12-05', N'Bio của Nguyễn Quang Hiếu, yêu thích nhiếp ảnh.', 1, N'Ngân hàng Sacombank', 'Savings', N'Quảng Ninh', 'CCCD015'),

('USER008', 'SELLCONFIG006', 'kimthanh@gmail.com', 'password123', 1, GETDATE(), 'kimthanh@gmail.com', N'Lê Kim Thành', N'Nữ', '0908901234', N'Huế, Việt Nam', 'USER016', '1998-03-18', N'Bio của Lê Kim Thành, yêu thích thời trang.', 1, N'Ngân hàng VPBank', 'Checking', N'Huế', 'CCCD016'),

('USER009', 'SELLCONFIG007', 'phucduong@gmail.com', 'password123', 1, GETDATE(), 'phucduong@gmail.com', N'Trần Phúc Đường', N'Nam', '0909012345', N'Vinh, Việt Nam', 'USER017', '1999-06-22', N'Bio của Trần Phúc Đường, đam mê âm nhạc.', 1, N'Ngân hàng OceanBank', 'Savings', N'Vinh', 'CCCD017'),

('USER010', 'SELLCONFIG008', 'anhkhoa@gmail.com', 'password123', 1, GETDATE(), 'anhkhoa@gmail.com', N'Nguyễn Anh Khoa', N'Nam', '0900123456', N'Phú Quốc, Việt Nam', 'USER018', '1991-11-11', N'Bio của Nguyễn Anh Khoa, thích công nghệ và thể thao.', 1, N'Ngân hàng Sacombank', 'Checking', N'Phú Quốc', 'CCCD018');




-- Chèn 10 bản ghi mẫu vào bảng Category
INSERT INTO [Category] (
    [CategoryId], 
    [Name], 
    [Description]
)
VALUES
('CAT001', N'Âm nhạc', N'Tất cả các thể loại sự kiện âm nhạc và hòa nhạc.'),
('CAT002', N'Thể thao', N'Các sự kiện thể thao khác nhau bao gồm bóng đá, bóng rổ và nhiều hơn nữa.'),
('CAT003', N'Nhà hát', N'Các buổi biểu diễn và vở kịch trực tiếp.'),
('CAT004', N'Lễ hội', N'Các lễ hội văn hóa và âm nhạc.'),
('CAT005', N'Hội nghị', N'Các hội nghị về kinh doanh và công nghệ.'),
('CAT006', N'Hội thảo', N'Các hội thảo giáo dục và seminar.'),
('CAT007', N'Triển lãm', N'Các triển lãm nghệ thuật và khoa học.'),
('CAT008', N'Hài kịch', N'Các buổi biểu diễn hài kịch và sự kiện hài.'),
('CAT009', N'Nhảy múa', N'Các buổi biểu diễn nhảy múa và ballet.'),
('CAT010', N'Ma thuật', N'Các buổi biểu diễn ma thuật và ảo thuật.');




-- Chèn 30 vé mẫu
INSERT INTO [Ticket] (
    [TicketId], 
    [SellerId], 
    [Name], 
    [Cost], 
    [Location], 
    [StartDate], 
    [CreateDate], 
    [ModifyDate], 
    [Status], 
    [Image], 
    [Description],
	[Qr]
)
VALUES
('TICKET001', 'USER004', N'Live Concert Đen Vâu', 100000.0, N'10 Lê Duẩn, Hoàn Kiếm, Hà Nội', '2024-11-01', GETDATE(), GETDATE(), 1, 'TICKET001', N'Chương trình hòa nhạc Đen Vâu tại Nhà Hát Lớn Hà Nội, cơ hội tuyệt vời để thưởng thức những bài hát sâu lắng và kết nối với âm nhạc của anh.', 'iVBORw0KGgoAAAANSUhEUgAAAKoAAACqCAIAAACyFEPVAAAACXBIWXMAAA7EAAAOxAGVKw4bAAAGH0lEQVR4nO2d2XLrOAxE46n7/7+ceUvpZiwRS2PxdJ/HlERR7hggsdCv7+/vL8HKP9MTEJNIfmokPzWSnxrJT43kp0byUyP5qZH81Eh+av4cr3i9XhUPPgabfz335/rAfMKBbeMcXOMD3+vIcWL69lMj+amR/NScfX81GT8ae0TdOA8X7Eysu+VHLaPCXCdQtCx9+zjUv6nxxp7PWcafGslPTdz3G40M3Oc1GHzL49qmUfo5zy/97uYdeJ+jn/Z+lKhx1iLjT43kp2be+AMNadv+HjjgrIOYlz+Jyx8H/ofe3vIQe9jv76/I+FMj+an5eONv4WqfvcY5fG9zfCLGvPxeP2qJE3R+9Jn4xDgy/tRIfmrmjb/FUAP3zZl1wHHAqTmEicu/x4H9l7u5oWIDAcIlnaWfs4w/NZKfGrfx79xTuZ4VSM6+9cEVtf0Bej7n+aXfL1C5du/4KKrHxyLjT43kp2ad8Z+qrfM+d7wGEMJZ/uo1TiBWvy3kAFkejryUjD81kp+a8v7+bRuhbXELSOwh7HTWLf2uwOv4As+qCPvs+UrI+FMj+alZbfw799bhZyXz/cmhnsc5eijMvh9VG28p60Ad7dQc84fkMuB1jjL+1Eh+alL7fktN1YZNzoa9fmYOrtiAC8zSr6jG3ruGgIzfsL+3jNnztZHxp0byU/Pynq07xYY1hJfqDa19AnfEz/ULvFL1/hv1XNRZQG8nELimLh8h40+N5KemNeY/Va+3eRxLv1+43hDv+39oqE0r3R9n+gAfboeQzI/YkfGnRvJTk+rx60ykZijtp19yxnCM1qWfK2bgvQCVC0iOA3lH43zyXz8Zf2okPzUp4+/1qcljfN6SOdsnM453/PzF8Nu/Knx/pmcPta5J7umP4wRADaV9v4Ah+alZXefvIhkcda0JUIV7/bf/IiV/eI/uXX9V1N9Z5tMwpqveEJ6PkPGnRvJTA9v3X8n43eqavopYheXiil7B41CFPX7bjn3I5AKazxfaczaRjD81kp8an++v8E8N97p6EYvmgLoXy4p8/7GX78pgLt/7iMyzXHWO4WfJ+FMj+ak59/j9dXWv04Ib0j1O9whkzuA6/4A/Lt3fF8UewvvyqfqGMDL+1Eh+atz9/VOGC3Kw28cZ5ySFPX53T8r0/VfnEab2/VcazkVQvl+YkPzUwIx/RQ0/ag7e50LmGRjEMn9XjUKf778DEucPjO+69wr8/JzNyPhTI/mpGavz99b3VRjbzLk6U3TX+Wf88d0fK9IYxvHha4VBlO8XKSQ/Ne7z/L218aiALqovv6JGbypHkD+zaGzpV7o+yNCwBqzo63se/A4Zf2okPzUrzvOHNEhv26AbgSe7XWD6+5ulCtfA3wGcf7imofT8vjtk/KmR/NSU9Pejrs8wtRTw1hx48w6ufSk+3x/Of1fny1Fn8QKfVbEOwCLjT43kpwYf9K04Ry/2CBeWMbclfPOs6O9vu/dK9ZlClmsq7lW+X1iR/NSs+x2/Kb/uHac611B3kOuVsfP8IfnsitzBkpbWHmT8qZH81Kyo8++5MTYUqm/QS08+pfU3fNv6+y0AY/WZvvzwNQ/X25Hxp0byU4Px/ck4f8W+/Mp4rP7hBTPrj/x7rfspp831g8eLx//PvMj4UyP5qVln/Ktj/pk8qSXm/1lBYkx/f8bneY90QOW/m/sJS2skw+8i40+N5KfG3d+PAlXT5y3kqo4xoHIZPWcNrVv6VSyd4EdHfcSyzoKMPzWSn5p1xr+iDmCqxrBz/BjxHj8vwP23KxTR0CsPycejzk90IeNPjeSnJu77UYa6yCmO1OgFBp9dE6xb+l1xxQCq+/urzycwgn2ujD81kp+a1cb/jg3+O3+eLpBwMeBnyF8UG4ATyNPM/laQjD81kp+a1cY/41+9vfgQY1ux7y+tJVwt/1umavSubDtf6Cv6byHjT43kp+bzjH9RXD1jh133Jg0+NpfR2t/vGrbBv87uufPk5y/jT43kp2bst3xQB6iIBz445m90YKjzAEqPUazo64N8DWT8qZH81Jx9v/gfo28/NZKfGslPjeSnRvJTI/mpkfzUSH5qJD81kp+afwF5GTqK65m4GAAAAABJRU5ErkJggg=='),
('TICKET002', 'USER004', N'Live Show Mỹ Tâm', 150000.0, N'15 Nguyễn Văn Cừ, Long Biên, Hà Nội', '2024-11-02', GETDATE(), GETDATE(), 1, 'TICKET002', N'Live show của ca sĩ Mỹ Tâm, nơi bạn sẽ thưởng thức những màn trình diễn đặc sắc tại Cung Văn Hóa Hữu Nghị.', 'iVBORw0KGgoAAAANSUhEUgAAAKoAAACqCAIAAACyFEPVAAAACXBIWXMAAA7EAAAOxAGVKw4bAAAGH0lEQVR4nO2d2XLrOAxE46n7/7+ceUvpZiwRS2PxdJ/HlERR7hggsdCv7+/vL8HKP9MTEJNIfmokPzWSnxrJT43kp0byUyP5qZH81Eh+av4cr3i9XhUPPgabfz335/rAfMKBbeMcXOMD3+vIcWL69lMj+amR/NScfX81GT8ae0TdOA8X7Eysu+VHLaPCXCdQtCx9+zjUv6nxxp7PWcafGslPTdz3G40M3Oc1GHzL49qmUfo5zy/97uYdeJ+jn/Z+lKhx1iLjT43kp2be+AMNadv+HjjgrIOYlz+Jyx8H/ofe3vIQe9jv76/I+FMj+an5eONv4WqfvcY5fG9zfCLGvPxeP2qJE3R+9Jn4xDgy/tRIfmrmjb/FUAP3zZl1wHHAqTmEicu/x4H9l7u5oWIDAcIlnaWfs4w/NZKfGrfx79xTuZ4VSM6+9cEVtf0Bej7n+aXfL1C5du/4KKrHxyLjT43kp2ad8Z+qrfM+d7wGEMJZ/uo1TiBWvy3kAFkejryUjD81kp+a8v7+bRuhbXELSOwh7HTWLf2uwOv4As+qCPvs+UrI+FMj+alZbfw799bhZyXz/cmhnsc5eijMvh9VG28p60Ad7dQc84fkMuB1jjL+1Eh+alL7fktN1YZNzoa9fmYOrtiAC8zSr6jG3ruGgIzfsL+3jNnztZHxp0byU/Pynq07xYY1hJfqDa19AnfEz/ULvFL1/hv1XNRZQG8nELimLh8h40+N5KemNeY/Va+3eRxLv1+43hDv+39oqE0r3R9n+gAfboeQzI/YkfGnRvJTk+rx60ykZijtp19yxnCM1qWfK2bgvQCVC0iOA3lH43zyXz8Zf2okPzUp4+/1qcljfN6SOdsnM453/PzF8Nu/Knx/pmcPta5J7umP4wRADaV9v4Ah+alZXefvIhkcda0JUIV7/bf/IiV/eI/uXX9V1N9Z5tMwpqveEJ6PkPGnRvJTA9v3X8n43eqavopYheXiil7B41CFPX7bjn3I5AKazxfaczaRjD81kp8an++v8E8N97p6EYvmgLoXy4p8/7GX78pgLt/7iMyzXHWO4WfJ+FMj+ak59/j9dXWv04Ib0j1O9whkzuA6/4A/Lt3fF8UewvvyqfqGMDL+1Eh+atz9/VOGC3Kw28cZ5ySFPX53T8r0/VfnEab2/VcazkVQvl+YkPzUwIx/RQ0/ag7e50LmGRjEMn9XjUKf778DEucPjO+69wr8/JzNyPhTI/mpGavz99b3VRjbzLk6U3TX+Wf88d0fK9IYxvHha4VBlO8XKSQ/Ne7z/L218aiALqovv6JGbypHkD+zaGzpV7o+yNCwBqzo63se/A4Zf2okPzUrzvOHNEhv26AbgSe7XWD6+5ulCtfA3wGcf7imofT8vjtk/KmR/NSU9Pejrs8wtRTw1hx48w6ufSk+3x/Of1fny1Fn8QKfVbEOwCLjT43kpwYf9K04Ry/2CBeWMbclfPOs6O9vu/dK9ZlClmsq7lW+X1iR/NSs+x2/Kb/uHac611B3kOuVsfP8IfnsitzBkpbWHmT8qZH81Kyo8++5MTYUqm/QS08+pfU3fNv6+y0AY/WZvvzwNQ/X25Hxp0byU4Px/ck4f8W+/Mp4rP7hBTPrj/x7rfspp831g8eLx//PvMj4UyP5qVln/Ktj/pk8qSXm/1lBYkx/f8bneY90QOW/m/sJS2skw+8i40+N5KfG3d+PAlXT5y3kqo4xoHIZPWcNrVv6VSyd4EdHfcSyzoKMPzWSn5p1xr+iDmCqxrBz/BjxHj8vwP23KxTR0CsPycejzk90IeNPjeSnJu77UYa6yCmO1OgFBp9dE6xb+l1xxQCq+/urzycwgn2ujD81kp+a1cb/jg3+O3+eLpBwMeBnyF8UG4ATyNPM/laQjD81kp+a1cY/41+9vfgQY1ux7y+tJVwt/1umavSubDtf6Cv6byHjT43kp+bzjH9RXD1jh133Jg0+NpfR2t/vGrbBv87uufPk5y/jT43kp2bst3xQB6iIBz445m90YKjzAEqPUazo64N8DWT8qZH81Jx9v/gfo28/NZKfGslPjeSnRvJTI/mpkfzUSH5qJD81kp+afwF5GTqK65m4GAAAAABJRU5ErkJggg=='),
('TICKET003', 'USER005', N'Giải bóng đá V-League 2024', 200000.0, N'8 Lê Đức Thọ, Mỹ Đình, Hà Nội', '2024-11-03', GETDATE(), GETDATE(), 1, 'TICKET003', N'Giải bóng đá V-League 2024 tại Sân vận động Mỹ Đình, nơi các đội bóng hàng đầu Việt Nam tham gia.', 'iVBORw0KGgoAAAANSUhEUgAAAKoAAACqCAIAAACyFEPVAAAACXBIWXMAAA7EAAAOxAGVKw4bAAAGH0lEQVR4nO2d2XLrOAxE46n7/7+ceUvpZiwRS2PxdJ/HlERR7hggsdCv7+/vL8HKP9MTEJNIfmokPzWSnxrJT43kp0byUyP5qZH81Eh+av4cr3i9XhUPPgabfz335/rAfMKBbeMcXOMD3+vIcWL69lMj+amR/NScfX81GT8ae0TdOA8X7Eysu+VHLaPCXCdQtCx9+zjUv6nxxp7PWcafGslPTdz3G40M3Oc1GHzL49qmUfo5zy/97uYdeJ+jn/Z+lKhx1iLjT43kp2be+AMNadv+HjjgrIOYlz+Jyx8H/ofe3vIQe9jv76/I+FMj+an5eONv4WqfvcY5fG9zfCLGvPxeP2qJE3R+9Jn4xDgy/tRIfmrmjb/FUAP3zZl1wHHAqTmEicu/x4H9l7u5oWIDAcIlnaWfs4w/NZKfGrfx79xTuZ4VSM6+9cEVtf0Bej7n+aXfL1C5du/4KKrHxyLjT43kp2ad8Z+qrfM+d7wGEMJZ/uo1TiBWvy3kAFkejryUjD81kp+a8v7+bRuhbXELSOwh7HTWLf2uwOv4As+qCPvs+UrI+FMj+alZbfw799bhZyXz/cmhnsc5eijMvh9VG28p60Ad7dQc84fkMuB1jjL+1Eh+alL7fktN1YZNzoa9fmYOrtiAC8zSr6jG3ruGgIzfsL+3jNnztZHxp0byU/Pynq07xYY1hJfqDa19AnfEz/ULvFL1/hv1XNRZQG8nELimLh8h40+N5KemNeY/Va+3eRxLv1+43hDv+39oqE0r3R9n+gAfboeQzI/YkfGnRvJTk+rx60ykZijtp19yxnCM1qWfK2bgvQCVC0iOA3lH43zyXz8Zf2okPzUp4+/1qcljfN6SOdsnM453/PzF8Nu/Knx/pmcPta5J7umP4wRADaV9v4Ah+alZXefvIhkcda0JUIV7/bf/IiV/eI/uXX9V1N9Z5tMwpqveEJ6PkPGnRvJTA9v3X8n43eqavopYheXiil7B41CFPX7bjn3I5AKazxfaczaRjD81kp8an++v8E8N97p6EYvmgLoXy4p8/7GX78pgLt/7iMyzXHWO4WfJ+FMj+ak59/j9dXWv04Ib0j1O9whkzuA6/4A/Lt3fF8UewvvyqfqGMDL+1Eh+atz9/VOGC3Kw28cZ5ySFPX53T8r0/VfnEab2/VcazkVQvl+YkPzUwIx/RQ0/ag7e50LmGRjEMn9XjUKf778DEucPjO+69wr8/JzNyPhTI/mpGavz99b3VRjbzLk6U3TX+Wf88d0fK9IYxvHha4VBlO8XKSQ/Ne7z/L218aiALqovv6JGbypHkD+zaGzpV7o+yNCwBqzo63se/A4Zf2okPzUrzvOHNEhv26AbgSe7XWD6+5ulCtfA3wGcf7imofT8vjtk/KmR/NSU9Pejrs8wtRTw1hx48w6ufSk+3x/Of1fny1Fn8QKfVbEOwCLjT43kpwYf9K04Ry/2CBeWMbclfPOs6O9vu/dK9ZlClmsq7lW+X1iR/NSs+x2/Kb/uHac611B3kOuVsfP8IfnsitzBkpbWHmT8qZH81Kyo8++5MTYUqm/QS08+pfU3fNv6+y0AY/WZvvzwNQ/X25Hxp0byU4Px/ck4f8W+/Mp4rP7hBTPrj/x7rfspp831g8eLx//PvMj4UyP5qVln/Ktj/pk8qSXm/1lBYkx/f8bneY90QOW/m/sJS2skw+8i40+N5KfG3d+PAlXT5y3kqo4xoHIZPWcNrVv6VSyd4EdHfcSyzoKMPzWSn5p1xr+iDmCqxrBz/BjxHj8vwP23KxTR0CsPycejzk90IeNPjeSnJu77UYa6yCmO1OgFBp9dE6xb+l1xxQCq+/urzycwgn2ujD81kp+a1cb/jg3+O3+eLpBwMeBnyF8UG4ATyNPM/laQjD81kp+a1cY/41+9vfgQY1ux7y+tJVwt/1umavSubDtf6Cv6byHjT43kp+bzjH9RXD1jh133Jg0+NpfR2t/vGrbBv87uufPk5y/jT43kp2bst3xQB6iIBz445m90YKjzAEqPUazo64N8DWT8qZH81Jx9v/gfo28/NZKfGslPjeSnRvJTI/mpkfzUSH5qJD81kp+afwF5GTqK65m4GAAAAABJRU5ErkJggg=='),
('TICKET004', 'USER005', N'Trận chung kết U23 Việt Nam', 250000.0, N'12 Đặng Văn Ngữ, Phú Nhuận, TP. Hồ Chí Minh', '2024-11-04', GETDATE(), GETDATE(), 1, 'TICKET004', N'Trận chung kết U23 Việt Nam tại Sân vận động Thống Nhất, sự kiện đáng chờ đợi nhất trong năm.', 'iVBORw0KGgoAAAANSUhEUgAAAKoAAACqCAIAAACyFEPVAAAACXBIWXMAAA7EAAAOxAGVKw4bAAAGH0lEQVR4nO2d2XLrOAxE46n7/7+ceUvpZiwRS2PxdJ/HlERR7hggsdCv7+/vL8HKP9MTEJNIfmokPzWSnxrJT43kp0byUyP5qZH81Eh+av4cr3i9XhUPPgabfz335/rAfMKBbeMcXOMD3+vIcWL69lMj+amR/NScfX81GT8ae0TdOA8X7Eysu+VHLaPCXCdQtCx9+zjUv6nxxp7PWcafGslPTdz3G40M3Oc1GHzL49qmUfo5zy/97uYdeJ+jn/Z+lKhx1iLjT43kp2be+AMNadv+HjjgrIOYlz+Jyx8H/ofe3vIQe9jv76/I+FMj+an5eONv4WqfvcY5fG9zfCLGvPxeP2qJE3R+9Jn4xDgy/tRIfmrmjb/FUAP3zZl1wHHAqTmEicu/x4H9l7u5oWIDAcIlnaWfs4w/NZKfGrfx79xTuZ4VSM6+9cEVtf0Bej7n+aXfL1C5du/4KKrHxyLjT43kp2ad8Z+qrfM+d7wGEMJZ/uo1TiBWvy3kAFkejryUjD81kp+a8v7+bRuhbXELSOwh7HTWLf2uwOv4As+qCPvs+UrI+FMj+alZbfw799bhZyXz/cmhnsc5eijMvh9VG28p60Ad7dQc84fkMuB1jjL+1Eh+alL7fktN1YZNzoa9fmYOrtiAC8zSr6jG3ruGgIzfsL+3jNnztZHxp0byU/Pynq07xYY1hJfqDa19AnfEz/ULvFL1/hv1XNRZQG8nELimLh8h40+N5KemNeY/Va+3eRxLv1+43hDv+39oqE0r3R9n+gAfboeQzI/YkfGnRvJTk+rx60ykZijtp19yxnCM1qWfK2bgvQCVC0iOA3lH43zyXz8Zf2okPzUp4+/1qcljfN6SOdsnM453/PzF8Nu/Knx/pmcPta5J7umP4wRADaV9v4Ah+alZXefvIhkcda0JUIV7/bf/IiV/eI/uXX9V1N9Z5tMwpqveEJ6PkPGnRvJTA9v3X8n43eqavopYheXiil7B41CFPX7bjn3I5AKazxfaczaRjD81kp8an++v8E8N97p6EYvmgLoXy4p8/7GX78pgLt/7iMyzXHWO4WfJ+FMj+ak59/j9dXWv04Ib0j1O9whkzuA6/4A/Lt3fF8UewvvyqfqGMDL+1Eh+atz9/VOGC3Kw28cZ5ySFPX53T8r0/VfnEab2/VcazkVQvl+YkPzUwIx/RQ0/ag7e50LmGRjEMn9XjUKf778DEucPjO+69wr8/JzNyPhTI/mpGavz99b3VRjbzLk6U3TX+Wf88d0fK9IYxvHha4VBlO8XKSQ/Ne7z/L218aiALqovv6JGbypHkD+zaGzpV7o+yNCwBqzo63se/A4Zf2okPzUrzvOHNEhv26AbgSe7XWD6+5ulCtfA3wGcf7imofT8vjtk/KmR/NSU9Pejrs8wtRTw1hx48w6ufSk+3x/Of1fny1Fn8QKfVbEOwCLjT43kpwYf9K04Ry/2CBeWMbclfPOs6O9vu/dK9ZlClmsq7lW+X1iR/NSs+x2/Kb/uHac611B3kOuVsfP8IfnsitzBkpbWHmT8qZH81Kyo8++5MTYUqm/QS08+pfU3fNv6+y0AY/WZvvzwNQ/X25Hxp0byU4Px/ck4f8W+/Mp4rP7hBTPrj/x7rfspp831g8eLx//PvMj4UyP5qVln/Ktj/pk8qSXm/1lBYkx/f8bneY90QOW/m/sJS2skw+8i40+N5KfG3d+PAlXT5y3kqo4xoHIZPWcNrVv6VSyd4EdHfcSyzoKMPzWSn5p1xr+iDmCqxrBz/BjxHj8vwP23KxTR0CsPycejzk90IeNPjeSnJu77UYa6yCmO1OgFBp9dE6xb+l1xxQCq+/urzycwgn2ujD81kp+a1cb/jg3+O3+eLpBwMeBnyF8UG4ATyNPM/laQjD81kp+a1cY/41+9vfgQY1ux7y+tJVwt/1umavSubDtf6Cv6byHjT43kp+bzjH9RXD1jh133Jg0+NpfR2t/vGrbBv87uufPk5y/jT43kp2bst3xQB6iIBz445m90YKjzAEqPUazo64N8DWT8qZH81Jx9v/gfo28/NZKfGslPjeSnRvJTI/mpkfzUSH5qJD81kp+afwF5GTqK65m4GAAAAABJRU5ErkJggg=='),
('TICKET005', 'USER005', N'Sự kiện thể thao Hòa Bình', 300000.0, N'34 Nguyễn Văn Trỗi, Hòa Bình, Việt Nam', '2024-11-05', GETDATE(), GETDATE(), 1, 'TICKET005', N'Sự kiện thể thao Hòa Bình, nơi bạn sẽ thưởng thức các môn thể thao đa dạng.', 'iVBORw0KGgoAAAANSUhEUgAAAKoAAACqCAIAAACyFEPVAAAACXBIWXMAAA7EAAAOxAGVKw4bAAAGH0lEQVR4nO2d2XLrOAxE46n7/7+ceUvpZiwRS2PxdJ/HlERR7hggsdCv7+/vL8HKP9MTEJNIfmokPzWSnxrJT43kp0byUyP5qZH81Eh+av4cr3i9XhUPPgabfz335/rAfMKBbeMcXOMD3+vIcWL69lMj+amR/NScfX81GT8ae0TdOA8X7Eysu+VHLaPCXCdQtCx9+zjUv6nxxp7PWcafGslPTdz3G40M3Oc1GHzL49qmUfo5zy/97uYdeJ+jn/Z+lKhx1iLjT43kp2be+AMNadv+HjjgrIOYlz+Jyx8H/ofe3vIQe9jv76/I+FMj+an5eONv4WqfvcY5fG9zfCLGvPxeP2qJE3R+9Jn4xDgy/tRIfmrmjb/FUAP3zZl1wHHAqTmEicu/x4H9l7u5oWIDAcIlnaWfs4w/NZKfGrfx79xTuZ4VSM6+9cEVtf0Bej7n+aXfL1C5du/4KKrHxyLjT43kp2ad8Z+qrfM+d7wGEMJZ/uo1TiBWvy3kAFkejryUjD81kp+a8v7+bRuhbXELSOwh7HTWLf2uwOv4As+qCPvs+UrI+FMj+alZbfw799bhZyXz/cmhnsc5eijMvh9VG28p60Ad7dQc84fkMuB1jjL+1Eh+alL7fktN1YZNzoa9fmYOrtiAC8zSr6jG3ruGgIzfsL+3jNnztZHxp0byU/Pynq07xYY1hJfqDa19AnfEz/ULvFL1/hv1XNRZQG8nELimLh8h40+N5KemNeY/Va+3eRxLv1+43hDv+39oqE0r3R9n+gAfboeQzI/YkfGnRvJTk+rx60ykZijtp19yxnCM1qWfK2bgvQCVC0iOA3lH43zyXz8Zf2okPzUp4+/1qcljfN6SOdsnM453/PzF8Nu/Knx/pmcPta5J7umP4wRADaV9v4Ah+alZXefvIhkcda0JUIV7/bf/IiV/eI/uXX9V1N9Z5tMwpqveEJ6PkPGnRvJTA9v3X8n43eqavopYheXiil7B41CFPX7bjn3I5AKazxfaczaRjD81kp8an++v8E8N97p6EYvmgLoXy4p8/7GX78pgLt/7iMyzXHWO4WfJ+FMj+ak59/j9dXWv04Ib0j1O9whkzuA6/4A/Lt3fF8UewvvyqfqGMDL+1Eh+atz9/VOGC3Kw28cZ5ySFPX53T8r0/VfnEab2/VcazkVQvl+YkPzUwIx/RQ0/ag7e50LmGRjEMn9XjUKf778DEucPjO+69wr8/JzNyPhTI/mpGavz99b3VRjbzLk6U3TX+Wf88d0fK9IYxvHha4VBlO8XKSQ/Ne7z/L218aiALqovv6JGbypHkD+zaGzpV7o+yNCwBqzo63se/A4Zf2okPzUrzvOHNEhv26AbgSe7XWD6+5ulCtfA3wGcf7imofT8vjtk/KmR/NSU9Pejrs8wtRTw1hx48w6ufSk+3x/Of1fny1Fn8QKfVbEOwCLjT43kpwYf9K04Ry/2CBeWMbclfPOs6O9vu/dK9ZlClmsq7lW+X1iR/NSs+x2/Kb/uHac611B3kOuVsfP8IfnsitzBkpbWHmT8qZH81Kyo8++5MTYUqm/QS08+pfU3fNv6+y0AY/WZvvzwNQ/X25Hxp0byU4Px/ck4f8W+/Mp4rP7hBTPrj/x7rfspp831g8eLx//PvMj4UyP5qVln/Ktj/pk8qSXm/1lBYkx/f8bneY90QOW/m/sJS2skw+8i40+N5KfG3d+PAlXT5y3kqo4xoHIZPWcNrVv6VSyd4EdHfcSyzoKMPzWSn5p1xr+iDmCqxrBz/BjxHj8vwP23KxTR0CsPycejzk90IeNPjeSnJu77UYa6yCmO1OgFBp9dE6xb+l1xxQCq+/urzycwgn2ujD81kp+a1cb/jg3+O3+eLpBwMeBnyF8UG4ATyNPM/laQjD81kp+a1cY/41+9vfgQY1ux7y+tJVwt/1umavSubDtf6Cv6byHjT43kp+bzjH9RXD1jh133Jg0+NpfR2t/vGrbBv87uufPk5y/jT43kp2bst3xQB6iIBz445m90YKjzAEqPUazo64N8DWT8qZH81Jx9v/gfo28/NZKfGslPjeSnRvJTI/mpkfzUSH5qJD81kp+afwF5GTqK65m4GAAAAABJRU5ErkJggg=='),
('TICKET006', 'USER006', N'Buổi biểu diễn nhạc cụ G', 90000.0, N'28 Trần Hưng Đạo, Quận 1, TP. Hồ Chí Minh', '2024-11-06', GETDATE(), GETDATE(), 1, 'TICKET006', N'Buổi biểu diễn nhạc cụ G tại Nhà Hát Thành Phố Hồ Chí Minh, nơi các nhạc công tài năng sẽ thể hiện khả năng điêu luyện.', 'iVBORw0KGgoAAAANSUhEUgAAAKoAAACqCAIAAACyFEPVAAAACXBIWXMAAA7EAAAOxAGVKw4bAAAGH0lEQVR4nO2d2XLrOAxE46n7/7+ceUvpZiwRS2PxdJ/HlERR7hggsdCv7+/vL8HKP9MTEJNIfmokPzWSnxrJT43kp0byUyP5qZH81Eh+av4cr3i9XhUPPgabfz335/rAfMKBbeMcXOMD3+vIcWL69lMj+amR/NScfX81GT8ae0TdOA8X7Eysu+VHLaPCXCdQtCx9+zjUv6nxxp7PWcafGslPTdz3G40M3Oc1GHzL49qmUfo5zy/97uYdeJ+jn/Z+lKhx1iLjT43kp2be+AMNadv+HjjgrIOYlz+Jyx8H/ofe3vIQe9jv76/I+FMj+an5eONv4WqfvcY5fG9zfCLGvPxeP2qJE3R+9Jn4xDgy/tRIfmrmjb/FUAP3zZl1wHHAqTmEicu/x4H9l7u5oWIDAcIlnaWfs4w/NZKfGrfx79xTuZ4VSM6+9cEVtf0Bej7n+aXfL1C5du/4KKrHxyLjT43kp2ad8Z+qrfM+d7wGEMJZ/uo1TiBWvy3kAFkejryUjD81kp+a8v7+bRuhbXELSOwh7HTWLf2uwOv4As+qCPvs+UrI+FMj+alZbfw799bhZyXz/cmhnsc5eijMvh9VG28p60Ad7dQc84fkMuB1jjL+1Eh+alL7fktN1YZNzoa9fmYOrtiAC8zSr6jG3ruGgIzfsL+3jNnztZHxp0byU/Pynq07xYY1hJfqDa19AnfEz/ULvFL1/hv1XNRZQG8nELimLh8h40+N5KemNeY/Va+3eRxLv1+43hDv+39oqE0r3R9n+gAfboeQzI/YkfGnRvJTk+rx60ykZijtp19yxnCM1qWfK2bgvQCVC0iOA3lH43zyXz8Zf2okPzUp4+/1qcljfN6SOdsnM453/PzF8Nu/Knx/pmcPta5J7umP4wRADaV9v4Ah+alZXefvIhkcda0JUIV7/bf/IiV/eI/uXX9V1N9Z5tMwpqveEJ6PkPGnRvJTA9v3X8n43eqavopYheXiil7B41CFPX7bjn3I5AKazxfaczaRjD81kp8an++v8E8N97p6EYvmgLoXy4p8/7GX78pgLt/7iMyzXHWO4WfJ+FMj+ak59/j9dXWv04Ib0j1O9whkzuA6/4A/Lt3fF8UewvvyqfqGMDL+1Eh+atz9/VOGC3Kw28cZ5ySFPX53T8r0/VfnEab2/VcazkVQvl+YkPzUwIx/RQ0/ag7e50LmGRjEMn9XjUKf778DEucPjO+69wr8/JzNyPhTI/mpGavz99b3VRjbzLk6U3TX+Wf88d0fK9IYxvHha4VBlO8XKSQ/Ne7z/L218aiALqovv6JGbypHkD+zaGzpV7o+yNCwBqzo63se/A4Zf2okPzUrzvOHNEhv26AbgSe7XWD6+5ulCtfA3wGcf7imofT8vjtk/KmR/NSU9Pejrs8wtRTw1hx48w6ufSk+3x/Of1fny1Fn8QKfVbEOwCLjT43kpwYf9K04Ry/2CBeWMbclfPOs6O9vu/dK9ZlClmsq7lW+X1iR/NSs+x2/Kb/uHac611B3kOuVsfP8IfnsitzBkpbWHmT8qZH81Kyo8++5MTYUqm/QS08+pfU3fNv6+y0AY/WZvvzwNQ/X25Hxp0byU4Px/ck4f8W+/Mp4rP7hBTPrj/x7rfspp831g8eLx//PvMj4UyP5qVln/Ktj/pk8qSXm/1lBYkx/f8bneY90QOW/m/sJS2skw+8i40+N5KfG3d+PAlXT5y3kqo4xoHIZPWcNrVv6VSyd4EdHfcSyzoKMPzWSn5p1xr+iDmCqxrBz/BjxHj8vwP23KxTR0CsPycejzk90IeNPjeSnJu77UYa6yCmO1OgFBp9dE6xb+l1xxQCq+/urzycwgn2ujD81kp+a1cb/jg3+O3+eLpBwMeBnyF8UG4ATyNPM/laQjD81kp+a1cY/41+9vfgQY1ux7y+tJVwt/1umavSubDtf6Cv6byHjT43kp+bzjH9RXD1jh133Jg0+NpfR2t/vGrbBv87uufPk5y/jT43kp2bst3xQB6iIBz445m90YKjzAEqPUazo64N8DWT8qZH81Jx9v/gfo28/NZKfGslPjeSnRvJTI/mpkfzUSH5qJD81kp+afwF5GTqK65m4GAAAAABJRU5ErkJggg=='),
('TICKET007', 'USER007', N'Hội thảo về công nghệ AI', 70000.0, N'16 Phạm Hùng, Nam Từ Liêm, Hà Nội', '2024-11-07', GETDATE(), GETDATE(), 1, 'TICKET007', N'Hội thảo về công nghệ AI tại Trung tâm Hội nghị Quốc gia, nơi các chuyên gia chia sẻ kiến thức.', 'iVBORw0KGgoAAAANSUhEUgAAAKoAAACqCAIAAACyFEPVAAAACXBIWXMAAA7EAAAOxAGVKw4bAAAGH0lEQVR4nO2d2XLrOAxE46n7/7+ceUvpZiwRS2PxdJ/HlERR7hggsdCv7+/vL8HKP9MTEJNIfmokPzWSnxrJT43kp0byUyP5qZH81Eh+av4cr3i9XhUPPgabfz335/rAfMKBbeMcXOMD3+vIcWL69lMj+amR/NScfX81GT8ae0TdOA8X7Eysu+VHLaPCXCdQtCx9+zjUv6nxxp7PWcafGslPTdz3G40M3Oc1GHzL49qmUfo5zy/97uYdeJ+jn/Z+lKhx1iLjT43kp2be+AMNadv+HjjgrIOYlz+Jyx8H/ofe3vIQe9jv76/I+FMj+an5eONv4WqfvcY5fG9zfCLGvPxeP2qJE3R+9Jn4xDgy/tRIfmrmjb/FUAP3zZl1wHHAqTmEicu/x4H9l7u5oWIDAcIlnaWfs4w/NZKfGrfx79xTuZ4VSM6+9cEVtf0Bej7n+aXfL1C5du/4KKrHxyLjT43kp2ad8Z+qrfM+d7wGEMJZ/uo1TiBWvy3kAFkejryUjD81kp+a8v7+bRuhbXELSOwh7HTWLf2uwOv4As+qCPvs+UrI+FMj+alZbfw799bhZyXz/cmhnsc5eijMvh9VG28p60Ad7dQc84fkMuB1jjL+1Eh+alL7fktN1YZNzoa9fmYOrtiAC8zSr6jG3ruGgIzfsL+3jNnztZHxp0byU/Pynq07xYY1hJfqDa19AnfEz/ULvFL1/hv1XNRZQG8nELimLh8h40+N5KemNeY/Va+3eRxLv1+43hDv+39oqE0r3R9n+gAfboeQzI/YkfGnRvJTk+rx60ykZijtp19yxnCM1qWfK2bgvQCVC0iOA3lH43zyXz8Zf2okPzUp4+/1qcljfN6SOdsnM453/PzF8Nu/Knx/pmcPta5J7umP4wRADaV9v4Ah+alZXefvIhkcda0JUIV7/bf/IiV/eI/uXX9V1N9Z5tMwpqveEJ6PkPGnRvJTA9v3X8n43eqavopYheXiil7B41CFPX7bjn3I5AKazxfaczaRjD81kp8an++v8E8N97p6EYvmgLoXy4p8/7GX78pgLt/7iMyzXHWO4WfJ+FMj+ak59/j9dXWv04Ib0j1O9whkzuA6/4A/Lt3fF8UewvvyqfqGMDL+1Eh+atz9/VOGC3Kw28cZ5ySFPX53T8r0/VfnEab2/VcazkVQvl+YkPzUwIx/RQ0/ag7e50LmGRjEMn9XjUKf778DEucPjO+69wr8/JzNyPhTI/mpGavz99b3VRjbzLk6U3TX+Wf88d0fK9IYxvHha4VBlO8XKSQ/Ne7z/L218aiALqovv6JGbypHkD+zaGzpV7o+yNCwBqzo63se/A4Zf2okPzUrzvOHNEhv26AbgSe7XWD6+5ulCtfA3wGcf7imofT8vjtk/KmR/NSU9Pejrs8wtRTw1hx48w6ufSk+3x/Of1fny1Fn8QKfVbEOwCLjT43kpwYf9K04Ry/2CBeWMbclfPOs6O9vu/dK9ZlClmsq7lW+X1iR/NSs+x2/Kb/uHac611B3kOuVsfP8IfnsitzBkpbWHmT8qZH81Kyo8++5MTYUqm/QS08+pfU3fNv6+y0AY/WZvvzwNQ/X25Hxp0byU4Px/ck4f8W+/Mp4rP7hBTPrj/x7rfspp831g8eLx//PvMj4UyP5qVln/Ktj/pk8qSXm/1lBYkx/f8bneY90QOW/m/sJS2skw+8i40+N5KfG3d+PAlXT5y3kqo4xoHIZPWcNrVv6VSyd4EdHfcSyzoKMPzWSn5p1xr+iDmCqxrBz/BjxHj8vwP23KxTR0CsPycejzk90IeNPjeSnJu77UYa6yCmO1OgFBp9dE6xb+l1xxQCq+/urzycwgn2ujD81kp+a1cb/jg3+O3+eLpBwMeBnyF8UG4ATyNPM/laQjD81kp+a1cY/41+9vfgQY1ux7y+tJVwt/1umavSubDtf6Cv6byHjT43kp+bzjH9RXD1jh133Jg0+NpfR2t/vGrbBv87uufPk5y/jT43kp2bst3xQB6iIBz445m90YKjzAEqPUazo64N8DWT8qZH81Jx9v/gfo28/NZKfGslPjeSnRvJTI/mpkfzUSH5qJD81kp+afwF5GTqK65m4GAAAAABJRU5ErkJggg=='),
('TICKET008', 'USER007', N'Hội thảo về chiến lược kinh doanh', 120000.0, N'22 Lê Lai, Quận 1, TP. Hồ Chí Minh', '2024-11-08', GETDATE(), GETDATE(), 1, 'TICKET008', N'Hội thảo về chiến lược kinh doanh tại Khách sạn Rex, nơi chia sẻ kiến thức quý giá.', 'iVBORw0KGgoAAAANSUhEUgAAAKoAAACqCAIAAACyFEPVAAAACXBIWXMAAA7EAAAOxAGVKw4bAAAGH0lEQVR4nO2d2XLrOAxE46n7/7+ceUvpZiwRS2PxdJ/HlERR7hggsdCv7+/vL8HKP9MTEJNIfmokPzWSnxrJT43kp0byUyP5qZH81Eh+av4cr3i9XhUPPgabfz335/rAfMKBbeMcXOMD3+vIcWL69lMj+amR/NScfX81GT8ae0TdOA8X7Eysu+VHLaPCXCdQtCx9+zjUv6nxxp7PWcafGslPTdz3G40M3Oc1GHzL49qmUfo5zy/97uYdeJ+jn/Z+lKhx1iLjT43kp2be+AMNadv+HjjgrIOYlz+Jyx8H/ofe3vIQe9jv76/I+FMj+an5eONv4WqfvcY5fG9zfCLGvPxeP2qJE3R+9Jn4xDgy/tRIfmrmjb/FUAP3zZl1wHHAqTmEicu/x4H9l7u5oWIDAcIlnaWfs4w/NZKfGrfx79xTuZ4VSM6+9cEVtf0Bej7n+aXfL1C5du/4KKrHxyLjT43kp2ad8Z+qrfM+d7wGEMJZ/uo1TiBWvy3kAFkejryUjD81kp+a8v7+bRuhbXELSOwh7HTWLf2uwOv4As+qCPvs+UrI+FMj+alZbfw799bhZyXz/cmhnsc5eijMvh9VG28p60Ad7dQc84fkMuB1jjL+1Eh+alL7fktN1YZNzoa9fmYOrtiAC8zSr6jG3ruGgIzfsL+3jNnztZHxp0byU/Pynq07xYY1hJfqDa19AnfEz/ULvFL1/hv1XNRZQG8nELimLh8h40+N5KemNeY/Va+3eRxLv1+43hDv+39oqE0r3R9n+gAfboeQzI/YkfGnRvJTk+rx60ykZijtp19yxnCM1qWfK2bgvQCVC0iOA3lH43zyXz8Zf2okPzUp4+/1qcljfN6SOdsnM453/PzF8Nu/Knx/pmcPta5J7umP4wRADaV9v4Ah+alZXefvIhkcda0JUIV7/bf/IiV/eI/uXX9V1N9Z5tMwpqveEJ6PkPGnRvJTA9v3X8n43eqavopYheXiil7B41CFPX7bjn3I5AKazxfaczaRjD81kp8an++v8E8N97p6EYvmgLoXy4p8/7GX78pgLt/7iMyzXHWO4WfJ+FMj+ak59/j9dXWv04Ib0j1O9whkzuA6/4A/Lt3fF8UewvvyqfqGMDL+1Eh+atz9/VOGC3Kw28cZ5ySFPX53T8r0/VfnEab2/VcazkVQvl+YkPzUwIx/RQ0/ag7e50LmGRjEMn9XjUKf778DEucPjO+69wr8/JzNyPhTI/mpGavz99b3VRjbzLk6U3TX+Wf88d0fK9IYxvHha4VBlO8XKSQ/Ne7z/L218aiALqovv6JGbypHkD+zaGzpV7o+yNCwBqzo63se/A4Zf2okPzUrzvOHNEhv26AbgSe7XWD6+5ulCtfA3wGcf7imofT8vjtk/KmR/NSU9Pejrs8wtRTw1hx48w6ufSk+3x/Of1fny1Fn8QKfVbEOwCLjT43kpwYf9K04Ry/2CBeWMbclfPOs6O9vu/dK9ZlClmsq7lW+X1iR/NSs+x2/Kb/uHac611B3kOuVsfP8IfnsitzBkpbWHmT8qZH81Kyo8++5MTYUqm/QS08+pfU3fNv6+y0AY/WZvvzwNQ/X25Hxp0byU4Px/ck4f8W+/Mp4rP7hBTPrj/x7rfspp831g8eLx//PvMj4UyP5qVln/Ktj/pk8qSXm/1lBYkx/f8bneY90QOW/m/sJS2skw+8i40+N5KfG3d+PAlXT5y3kqo4xoHIZPWcNrVv6VSyd4EdHfcSyzoKMPzWSn5p1xr+iDmCqxrBz/BjxHj8vwP23KxTR0CsPycejzk90IeNPjeSnJu77UYa6yCmO1OgFBp9dE6xb+l1xxQCq+/urzycwgn2ujD81kp+a1cb/jg3+O3+eLpBwMeBnyF8UG4ATyNPM/laQjD81kp+a1cY/41+9vfgQY1ux7y+tJVwt/1umavSubDtf6Cv6byHjT43kp+bzjH9RXD1jh133Jg0+NpfR2t/vGrbBv87uufPk5y/jT43kp2bst3xQB6iIBz445m90YKjzAEqPUazo64N8DWT8qZH81Jx9v/gfo28/NZKfGslPjeSnRvJTI/mpkfzUSH5qJD81kp+afwF5GTqK65m4GAAAAABJRU5ErkJggg=='),
('TICKET009', 'USER008', N'Buổi biểu diễn nghệ thuật múa đương đại', 110000.0, N'45 Bà Triệu, Hoàn Kiếm, Hà Nội', '2024-11-09', GETDATE(), GETDATE(), 1, 'TICKET009', N'Buổi biểu diễn nghệ thuật múa đương đại tại Nhà Hát Lớn Hà Nội.', 'iVBORw0KGgoAAAANSUhEUgAAAKoAAACqCAIAAACyFEPVAAAACXBIWXMAAA7EAAAOxAGVKw4bAAAGH0lEQVR4nO2d2XLrOAxE46n7/7+ceUvpZiwRS2PxdJ/HlERR7hggsdCv7+/vL8HKP9MTEJNIfmokPzWSnxrJT43kp0byUyP5qZH81Eh+av4cr3i9XhUPPgabfz335/rAfMKBbeMcXOMD3+vIcWL69lMj+amR/NScfX81GT8ae0TdOA8X7Eysu+VHLaPCXCdQtCx9+zjUv6nxxp7PWcafGslPTdz3G40M3Oc1GHzL49qmUfo5zy/97uYdeJ+jn/Z+lKhx1iLjT43kp2be+AMNadv+HjjgrIOYlz+Jyx8H/ofe3vIQe9jv76/I+FMj+an5eONv4WqfvcY5fG9zfCLGvPxeP2qJE3R+9Jn4xDgy/tRIfmrmjb/FUAP3zZl1wHHAqTmEicu/x4H9l7u5oWIDAcIlnaWfs4w/NZKfGrfx79xTuZ4VSM6+9cEVtf0Bej7n+aXfL1C5du/4KKrHxyLjT43kp2ad8Z+qrfM+d7wGEMJZ/uo1TiBWvy3kAFkejryUjD81kp+a8v7+bRuhbXELSOwh7HTWLf2uwOv4As+qCPvs+UrI+FMj+alZbfw799bhZyXz/cmhnsc5eijMvh9VG28p60Ad7dQc84fkMuB1jjL+1Eh+alL7fktN1YZNzoa9fmYOrtiAC8zSr6jG3ruGgIzfsL+3jNnztZHxp0byU/Pynq07xYY1hJfqDa19AnfEz/ULvFL1/hv1XNRZQG8nELimLh8h40+N5KemNeY/Va+3eRxLv1+43hDv+39oqE0r3R9n+gAfboeQzI/YkfGnRvJTk+rx60ykZijtp19yxnCM1qWfK2bgvQCVC0iOA3lH43zyXz8Zf2okPzUp4+/1qcljfN6SOdsnM453/PzF8Nu/Knx/pmcPta5J7umP4wRADaV9v4Ah+alZXefvIhkcda0JUIV7/bf/IiV/eI/uXX9V1N9Z5tMwpqveEJ6PkPGnRvJTA9v3X8n43eqavopYheXiil7B41CFPX7bjn3I5AKazxfaczaRjD81kp8an++v8E8N97p6EYvmgLoXy4p8/7GX78pgLt/7iMyzXHWO4WfJ+FMj+ak59/j9dXWv04Ib0j1O9whkzuA6/4A/Lt3fF8UewvvyqfqGMDL+1Eh+atz9/VOGC3Kw28cZ5ySFPX53T8r0/VfnEab2/VcazkVQvl+YkPzUwIx/RQ0/ag7e50LmGRjEMn9XjUKf778DEucPjO+69wr8/JzNyPhTI/mpGavz99b3VRjbzLk6U3TX+Wf88d0fK9IYxvHha4VBlO8XKSQ/Ne7z/L218aiALqovv6JGbypHkD+zaGzpV7o+yNCwBqzo63se/A4Zf2okPzUrzvOHNEhv26AbgSe7XWD6+5ulCtfA3wGcf7imofT8vjtk/KmR/NSU9Pejrs8wtRTw1hx48w6ufSk+3x/Of1fny1Fn8QKfVbEOwCLjT43kpwYf9K04Ry/2CBeWMbclfPOs6O9vu/dK9ZlClmsq7lW+X1iR/NSs+x2/Kb/uHac611B3kOuVsfP8IfnsitzBkpbWHmT8qZH81Kyo8++5MTYUqm/QS08+pfU3fNv6+y0AY/WZvvzwNQ/X25Hxp0byU4Px/ck4f8W+/Mp4rP7hBTPrj/x7rfspp831g8eLx//PvMj4UyP5qVln/Ktj/pk8qSXm/1lBYkx/f8bneY90QOW/m/sJS2skw+8i40+N5KfG3d+PAlXT5y3kqo4xoHIZPWcNrVv6VSyd4EdHfcSyzoKMPzWSn5p1xr+iDmCqxrBz/BjxHj8vwP23KxTR0CsPycejzk90IeNPjeSnJu77UYa6yCmO1OgFBp9dE6xb+l1xxQCq+/urzycwgn2ujD81kp+a1cb/jg3+O3+eLpBwMeBnyF8UG4ATyNPM/laQjD81kp+a1cY/41+9vfgQY1ux7y+tJVwt/1umavSubDtf6Cv6byHjT43kp+bzjH9RXD1jh133Jg0+NpfR2t/vGrbBv87uufPk5y/jT43kp2bst3xQB6iIBz445m90YKjzAEqPUazo64N8DWT8qZH81Jx9v/gfo28/NZKfGslPjeSnRvJTI/mpkfzUSH5qJD81kp+afwF5GTqK65m4GAAAAABJRU5ErkJggg=='),
('TICKET010', 'USER008', N'Triển lãm nghệ thuật đương đại', 130000.0, N'3 Đặng Thái Thân, Quận 3, TP. Hồ Chí Minh', '2024-11-10', GETDATE(), GETDATE(), 1, 'TICKET010', N'Triển lãm nghệ thuật đương đại tại Bảo Tàng Mỹ Thuật Việt Nam.', 'iVBORw0KGgoAAAANSUhEUgAAAKoAAACqCAIAAACyFEPVAAAACXBIWXMAAA7EAAAOxAGVKw4bAAAGH0lEQVR4nO2d2XLrOAxE46n7/7+ceUvpZiwRS2PxdJ/HlERR7hggsdCv7+/vL8HKP9MTEJNIfmokPzWSnxrJT43kp0byUyP5qZH81Eh+av4cr3i9XhUPPgabfz335/rAfMKBbeMcXOMD3+vIcWL69lMj+amR/NScfX81GT8ae0TdOA8X7Eysu+VHLaPCXCdQtCx9+zjUv6nxxp7PWcafGslPTdz3G40M3Oc1GHzL49qmUfo5zy/97uYdeJ+jn/Z+lKhx1iLjT43kp2be+AMNadv+HjjgrIOYlz+Jyx8H/ofe3vIQe9jv76/I+FMj+an5eONv4WqfvcY5fG9zfCLGvPxeP2qJE3R+9Jn4xDgy/tRIfmrmjb/FUAP3zZl1wHHAqTmEicu/x4H9l7u5oWIDAcIlnaWfs4w/NZKfGrfx79xTuZ4VSM6+9cEVtf0Bej7n+aXfL1C5du/4KKrHxyLjT43kp2ad8Z+qrfM+d7wGEMJZ/uo1TiBWvy3kAFkejryUjD81kp+a8v7+bRuhbXELSOwh7HTWLf2uwOv4As+qCPvs+UrI+FMj+alZbfw799bhZyXz/cmhnsc5eijMvh9VG28p60Ad7dQc84fkMuB1jjL+1Eh+alL7fktN1YZNzoa9fmYOrtiAC8zSr6jG3ruGgIzfsL+3jNnztZHxp0byU/Pynq07xYY1hJfqDa19AnfEz/ULvFL1/hv1XNRZQG8nELimLh8h40+N5KemNeY/Va+3eRxLv1+43hDv+39oqE0r3R9n+gAfboeQzI/YkfGnRvJTk+rx60ykZijtp19yxnCM1qWfK2bgvQCVC0iOA3lH43zyXz8Zf2okPzUp4+/1qcljfN6SOdsnM453/PzF8Nu/Knx/pmcPta5J7umP4wRADaV9v4Ah+alZXefvIhkcda0JUIV7/bf/IiV/eI/uXX9V1N9Z5tMwpqveEJ6PkPGnRvJTA9v3X8n43eqavopYheXiil7B41CFPX7bjn3I5AKazxfaczaRjD81kp8an++v8E8N97p6EYvmgLoXy4p8/7GX78pgLt/7iMyzXHWO4WfJ+FMj+ak59/j9dXWv04Ib0j1O9whkzuA6/4A/Lt3fF8UewvvyqfqGMDL+1Eh+atz9/VOGC3Kw28cZ5ySFPX53T8r0/VfnEab2/VcazkVQvl+YkPzUwIx/RQ0/ag7e50LmGRjEMn9XjUKf778DEucPjO+69wr8/JzNyPhTI/mpGavz99b3VRjbzLk6U3TX+Wf88d0fK9IYxvHha4VBlO8XKSQ/Ne7z/L218aiALqovv6JGbypHkD+zaGzpV7o+yNCwBqzo63se/A4Zf2okPzUrzvOHNEhv26AbgSe7XWD6+5ulCtfA3wGcf7imofT8vjtk/KmR/NSU9Pejrs8wtRTw1hx48w6ufSk+3x/Of1fny1Fn8QKfVbEOwCLjT43kpwYf9K04Ry/2CBeWMbclfPOs6O9vu/dK9ZlClmsq7lW+X1iR/NSs+x2/Kb/uHac611B3kOuVsfP8IfnsitzBkpbWHmT8qZH81Kyo8++5MTYUqm/QS08+pfU3fNv6+y0AY/WZvvzwNQ/X25Hxp0byU4Px/ck4f8W+/Mp4rP7hBTPrj/x7rfspp831g8eLx//PvMj4UyP5qVln/Ktj/pk8qSXm/1lBYkx/f8bneY90QOW/m/sJS2skw+8i40+N5KfG3d+PAlXT5y3kqo4xoHIZPWcNrVv6VSyd4EdHfcSyzoKMPzWSn5p1xr+iDmCqxrBz/BjxHj8vwP23KxTR0CsPycejzk90IeNPjeSnJu77UYa6yCmO1OgFBp9dE6xb+l1xxQCq+/urzycwgn2ujD81kp+a1cb/jg3+O3+eLpBwMeBnyF8UG4ATyNPM/laQjD81kp+a1cY/41+9vfgQY1ux7y+tJVwt/1umavSubDtf6Cv6byHjT43kp+bzjH9RXD1jh133Jg0+NpfR2t/vGrbBv87uufPk5y/jT43kp2bst3xQB6iIBz445m90YKjzAEqPUazo64N8DWT8qZH81Jx9v/gfo28/NZKfGslPjeSnRvJTI/mpkfzUSH5qJD81kp+afwF5GTqK65m4GAAAAABJRU5ErkJggg=='),
('TICKET011', 'USER009', N'Buổi hòa nhạc cổ điển', 160000.0, N'20 Lý Thái Tổ, Hoàn Kiếm, Hà Nội', '2024-11-11', GETDATE(), GETDATE(), 1, 'TICKET011', N'Buổi hòa nhạc cổ điển tại Nhà Hát Lớn, nơi bạn sẽ thưởng thức những tác phẩm tuyệt vời.', 'iVBORw0KGgoAAAANSUhEUgAAAKoAAACqCAIAAACyFEPVAAAACXBIWXMAAA7EAAAOxAGVKw4bAAAGH0lEQVR4nO2d2XLrOAxE46n7/7+ceUvpZiwRS2PxdJ/HlERR7hggsdCv7+/vL8HKP9MTEJNIfmokPzWSnxrJT43kp0byUyP5qZH81Eh+av4cr3i9XhUPPgabfz335/rAfMKBbeMcXOMD3+vIcWL69lMj+amR/NScfX81GT8ae0TdOA8X7Eysu+VHLaPCXCdQtCx9+zjUv6nxxp7PWcafGslPTdz3G40M3Oc1GHzL49qmUfo5zy/97uYdeJ+jn/Z+lKhx1iLjT43kp2be+AMNadv+HjjgrIOYlz+Jyx8H/ofe3vIQe9jv76/I+FMj+an5eONv4WqfvcY5fG9zfCLGvPxeP2qJE3R+9Jn4xDgy/tRIfmrmjb/FUAP3zZl1wHHAqTmEicu/x4H9l7u5oWIDAcIlnaWfs4w/NZKfGrfx79xTuZ4VSM6+9cEVtf0Bej7n+aXfL1C5du/4KKrHxyLjT43kp2ad8Z+qrfM+d7wGEMJZ/uo1TiBWvy3kAFkejryUjD81kp+a8v7+bRuhbXELSOwh7HTWLf2uwOv4As+qCPvs+UrI+FMj+alZbfw799bhZyXz/cmhnsc5eijMvh9VG28p60Ad7dQc84fkMuB1jjL+1Eh+alL7fktN1YZNzoa9fmYOrtiAC8zSr6jG3ruGgIzfsL+3jNnztZHxp0byU/Pynq07xYY1hJfqDa19AnfEz/ULvFL1/hv1XNRZQG8nELimLh8h40+N5KemNeY/Va+3eRxLv1+43hDv+39oqE0r3R9n+gAfboeQzI/YkfGnRvJTk+rx60ykZijtp19yxnCM1qWfK2bgvQCVC0iOA3lH43zyXz8Zf2okPzUp4+/1qcljfN6SOdsnM453/PzF8Nu/Knx/pmcPta5J7umP4wRADaV9v4Ah+alZXefvIhkcda0JUIV7/bf/IiV/eI/uXX9V1N9Z5tMwpqveEJ6PkPGnRvJTA9v3X8n43eqavopYheXiil7B41CFPX7bjn3I5AKazxfaczaRjD81kp8an++v8E8N97p6EYvmgLoXy4p8/7GX78pgLt/7iMyzXHWO4WfJ+FMj+ak59/j9dXWv04Ib0j1O9whkzuA6/4A/Lt3fF8UewvvyqfqGMDL+1Eh+atz9/VOGC3Kw28cZ5ySFPX53T8r0/VfnEab2/VcazkVQvl+YkPzUwIx/RQ0/ag7e50LmGRjEMn9XjUKf778DEucPjO+69wr8/JzNyPhTI/mpGavz99b3VRjbzLk6U3TX+Wf88d0fK9IYxvHha4VBlO8XKSQ/Ne7z/L218aiALqovv6JGbypHkD+zaGzpV7o+yNCwBqzo63se/A4Zf2okPzUrzvOHNEhv26AbgSe7XWD6+5ulCtfA3wGcf7imofT8vjtk/KmR/NSU9Pejrs8wtRTw1hx48w6ufSk+3x/Of1fny1Fn8QKfVbEOwCLjT43kpwYf9K04Ry/2CBeWMbclfPOs6O9vu/dK9ZlClmsq7lW+X1iR/NSs+x2/Kb/uHac611B3kOuVsfP8IfnsitzBkpbWHmT8qZH81Kyo8++5MTYUqm/QS08+pfU3fNv6+y0AY/WZvvzwNQ/X25Hxp0byU4Px/ck4f8W+/Mp4rP7hBTPrj/x7rfspp831g8eLx//PvMj4UyP5qVln/Ktj/pk8qSXm/1lBYkx/f8bneY90QOW/m/sJS2skw+8i40+N5KfG3d+PAlXT5y3kqo4xoHIZPWcNrVv6VSyd4EdHfcSyzoKMPzWSn5p1xr+iDmCqxrBz/BjxHj8vwP23KxTR0CsPycejzk90IeNPjeSnJu77UYa6yCmO1OgFBp9dE6xb+l1xxQCq+/urzycwgn2ujD81kp+a1cb/jg3+O3+eLpBwMeBnyF8UG4ATyNPM/laQjD81kp+a1cY/41+9vfgQY1ux7y+tJVwt/1umavSubDtf6Cv6byHjT43kp+bzjH9RXD1jh133Jg0+NpfR2t/vGrbBv87uufPk5y/jT43kp2bst3xQB6iIBz445m90YKjzAEqPUazo64N8DWT8qZH81Jx9v/gfo28/NZKfGslPjeSnRvJTI/mpkfzUSH5qJD81kp+afwF5GTqK65m4GAAAAABJRU5ErkJggg=='),
('TICKET012', 'USER009', N'Chương trình ca nhạc thiếu nhi', 80000.0, N'5 Trương Định, Hai Bà Trưng, Hà Nội', '2024-11-12', GETDATE(), GETDATE(), 1, 'TICKET012',N'Chương trình ca nhạc dành cho trẻ em tại Trung tâm Văn hóa Thiếu nhi.', 'iVBORw0KGgoAAAANSUhEUgAAAKoAAACqCAIAAACyFEPVAAAACXBIWXMAAA7EAAAOxAGVKw4bAAAGH0lEQVR4nO2d2XLrOAxE46n7/7+ceUvpZiwRS2PxdJ/HlERR7hggsdCv7+/vL8HKP9MTEJNIfmokPzWSnxrJT43kp0byUyP5qZH81Eh+av4cr3i9XhUPPgabfz335/rAfMKBbeMcXOMD3+vIcWL69lMj+amR/NScfX81GT8ae0TdOA8X7Eysu+VHLaPCXCdQtCx9+zjUv6nxxp7PWcafGslPTdz3G40M3Oc1GHzL49qmUfo5zy/97uYdeJ+jn/Z+lKhx1iLjT43kp2be+AMNadv+HjjgrIOYlz+Jyx8H/ofe3vIQe9jv76/I+FMj+an5eONv4WqfvcY5fG9zfCLGvPxeP2qJE3R+9Jn4xDgy/tRIfmrmjb/FUAP3zZl1wHHAqTmEicu/x4H9l7u5oWIDAcIlnaWfs4w/NZKfGrfx79xTuZ4VSM6+9cEVtf0Bej7n+aXfL1C5du/4KKrHxyLjT43kp2ad8Z+qrfM+d7wGEMJZ/uo1TiBWvy3kAFkejryUjD81kp+a8v7+bRuhbXELSOwh7HTWLf2uwOv4As+qCPvs+UrI+FMj+alZbfw799bhZyXz/cmhnsc5eijMvh9VG28p60Ad7dQc84fkMuB1jjL+1Eh+alL7fktN1YZNzoa9fmYOrtiAC8zSr6jG3ruGgIzfsL+3jNnztZHxp0byU/Pynq07xYY1hJfqDa19AnfEz/ULvFL1/hv1XNRZQG8nELimLh8h40+N5KemNeY/Va+3eRxLv1+43hDv+39oqE0r3R9n+gAfboeQzI/YkfGnRvJTk+rx60ykZijtp19yxnCM1qWfK2bgvQCVC0iOA3lH43zyXz8Zf2okPzUp4+/1qcljfN6SOdsnM453/PzF8Nu/Knx/pmcPta5J7umP4wRADaV9v4Ah+alZXefvIhkcda0JUIV7/bf/IiV/eI/uXX9V1N9Z5tMwpqveEJ6PkPGnRvJTA9v3X8n43eqavopYheXiil7B41CFPX7bjn3I5AKazxfaczaRjD81kp8an++v8E8N97p6EYvmgLoXy4p8/7GX78pgLt/7iMyzXHWO4WfJ+FMj+ak59/j9dXWv04Ib0j1O9whkzuA6/4A/Lt3fF8UewvvyqfqGMDL+1Eh+atz9/VOGC3Kw28cZ5ySFPX53T8r0/VfnEab2/VcazkVQvl+YkPzUwIx/RQ0/ag7e50LmGRjEMn9XjUKf778DEucPjO+69wr8/JzNyPhTI/mpGavz99b3VRjbzLk6U3TX+Wf88d0fK9IYxvHha4VBlO8XKSQ/Ne7z/L218aiALqovv6JGbypHkD+zaGzpV7o+yNCwBqzo63se/A4Zf2okPzUrzvOHNEhv26AbgSe7XWD6+5ulCtfA3wGcf7imofT8vjtk/KmR/NSU9Pejrs8wtRTw1hx48w6ufSk+3x/Of1fny1Fn8QKfVbEOwCLjT43kpwYf9K04Ry/2CBeWMbclfPOs6O9vu/dK9ZlClmsq7lW+X1iR/NSs+x2/Kb/uHac611B3kOuVsfP8IfnsitzBkpbWHmT8qZH81Kyo8++5MTYUqm/QS08+pfU3fNv6+y0AY/WZvvzwNQ/X25Hxp0byU4Px/ck4f8W+/Mp4rP7hBTPrj/x7rfspp831g8eLx//PvMj4UyP5qVln/Ktj/pk8qSXm/1lBYkx/f8bneY90QOW/m/sJS2skw+8i40+N5KfG3d+PAlXT5y3kqo4xoHIZPWcNrVv6VSyd4EdHfcSyzoKMPzWSn5p1xr+iDmCqxrBz/BjxHj8vwP23KxTR0CsPycejzk90IeNPjeSnJu77UYa6yCmO1OgFBp9dE6xb+l1xxQCq+/urzycwgn2ujD81kp+a1cb/jg3+O3+eLpBwMeBnyF8UG4ATyNPM/laQjD81kp+a1cY/41+9vfgQY1ux7y+tJVwt/1umavSubDtf6Cv6byHjT43kp+bzjH9RXD1jh133Jg0+NpfR2t/vGrbBv87uufPk5y/jT43kp2bst3xQB6iIBz445m90YKjzAEqPUazo64N8DWT8qZH81Jx9v/gfo28/NZKfGslPjeSnRvJTI/mpkfzUSH5qJD81kp+afwF5GTqK65m4GAAAAABJRU5ErkJggg=='),
('TICKET013', 'USER010', N'Lễ hội ẩm thực Việt Nam', 95000.0, N'10 Lê Lai, Quận 1, TP. Hồ Chí Minh', '2024-11-13', GETDATE(), GETDATE(), 1, 'TICKET013', N'Lễ hội ẩm thực Việt Nam với nhiều món ăn đặc sắc và đa dạng.', 'iVBORw0KGgoAAAANSUhEUgAAAKoAAACqCAIAAACyFEPVAAAACXBIWXMAAA7EAAAOxAGVKw4bAAAGH0lEQVR4nO2d2XLrOAxE46n7/7+ceUvpZiwRS2PxdJ/HlERR7hggsdCv7+/vL8HKP9MTEJNIfmokPzWSnxrJT43kp0byUyP5qZH81Eh+av4cr3i9XhUPPgabfz335/rAfMKBbeMcXOMD3+vIcWL69lMj+amR/NScfX81GT8ae0TdOA8X7Eysu+VHLaPCXCdQtCx9+zjUv6nxxp7PWcafGslPTdz3G40M3Oc1GHzL49qmUfo5zy/97uYdeJ+jn/Z+lKhx1iLjT43kp2be+AMNadv+HjjgrIOYlz+Jyx8H/ofe3vIQe9jv76/I+FMj+an5eONv4WqfvcY5fG9zfCLGvPxeP2qJE3R+9Jn4xDgy/tRIfmrmjb/FUAP3zZl1wHHAqTmEicu/x4H9l7u5oWIDAcIlnaWfs4w/NZKfGrfx79xTuZ4VSM6+9cEVtf0Bej7n+aXfL1C5du/4KKrHxyLjT43kp2ad8Z+qrfM+d7wGEMJZ/uo1TiBWvy3kAFkejryUjD81kp+a8v7+bRuhbXELSOwh7HTWLf2uwOv4As+qCPvs+UrI+FMj+alZbfw799bhZyXz/cmhnsc5eijMvh9VG28p60Ad7dQc84fkMuB1jjL+1Eh+alL7fktN1YZNzoa9fmYOrtiAC8zSr6jG3ruGgIzfsL+3jNnztZHxp0byU/Pynq07xYY1hJfqDa19AnfEz/ULvFL1/hv1XNRZQG8nELimLh8h40+N5KemNeY/Va+3eRxLv1+43hDv+39oqE0r3R9n+gAfboeQzI/YkfGnRvJTk+rx60ykZijtp19yxnCM1qWfK2bgvQCVC0iOA3lH43zyXz8Zf2okPzUp4+/1qcljfN6SOdsnM453/PzF8Nu/Knx/pmcPta5J7umP4wRADaV9v4Ah+alZXefvIhkcda0JUIV7/bf/IiV/eI/uXX9V1N9Z5tMwpqveEJ6PkPGnRvJTA9v3X8n43eqavopYheXiil7B41CFPX7bjn3I5AKazxfaczaRjD81kp8an++v8E8N97p6EYvmgLoXy4p8/7GX78pgLt/7iMyzXHWO4WfJ+FMj+ak59/j9dXWv04Ib0j1O9whkzuA6/4A/Lt3fF8UewvvyqfqGMDL+1Eh+atz9/VOGC3Kw28cZ5ySFPX53T8r0/VfnEab2/VcazkVQvl+YkPzUwIx/RQ0/ag7e50LmGRjEMn9XjUKf778DEucPjO+69wr8/JzNyPhTI/mpGavz99b3VRjbzLk6U3TX+Wf88d0fK9IYxvHha4VBlO8XKSQ/Ne7z/L218aiALqovv6JGbypHkD+zaGzpV7o+yNCwBqzo63se/A4Zf2okPzUrzvOHNEhv26AbgSe7XWD6+5ulCtfA3wGcf7imofT8vjtk/KmR/NSU9Pejrs8wtRTw1hx48w6ufSk+3x/Of1fny1Fn8QKfVbEOwCLjT43kpwYf9K04Ry/2CBeWMbclfPOs6O9vu/dK9ZlClmsq7lW+X1iR/NSs+x2/Kb/uHac611B3kOuVsfP8IfnsitzBkpbWHmT8qZH81Kyo8++5MTYUqm/QS08+pfU3fNv6+y0AY/WZvvzwNQ/X25Hxp0byU4Px/ck4f8W+/Mp4rP7hBTPrj/x7rfspp831g8eLx//PvMj4UyP5qVln/Ktj/pk8qSXm/1lBYkx/f8bneY90QOW/m/sJS2skw+8i40+N5KfG3d+PAlXT5y3kqo4xoHIZPWcNrVv6VSyd4EdHfcSyzoKMPzWSn5p1xr+iDmCqxrBz/BjxHj8vwP23KxTR0CsPycejzk90IeNPjeSnJu77UYa6yCmO1OgFBp9dE6xb+l1xxQCq+/urzycwgn2ujD81kp+a1cb/jg3+O3+eLpBwMeBnyF8UG4ATyNPM/laQjD81kp+a1cY/41+9vfgQY1ux7y+tJVwt/1umavSubDtf6Cv6byHjT43kp+bzjH9RXD1jh133Jg0+NpfR2t/vGrbBv87uufPk5y/jT43kp2bst3xQB6iIBz445m90YKjzAEqPUazo64N8DWT8qZH81Jx9v/gfo28/NZKfGslPjeSnRvJTI/mpkfzUSH5qJD81kp+afwF5GTqK65m4GAAAAABJRU5ErkJggg=='),
('TICKET014', 'USER010', N'Triển lãm du lịch 2024', 200000.0, N'30 Nguyễn Thị Minh Khai, Quận 3, TP. Hồ Chí Minh', '2024-11-14', GETDATE(), GETDATE(), 1, 'TICKET014', N'Triển lãm du lịch 2024 tại Trung tâm Hội nghị Quốc gia.', 'iVBORw0KGgoAAAANSUhEUgAAAKoAAACqCAIAAACyFEPVAAAACXBIWXMAAA7EAAAOxAGVKw4bAAAGH0lEQVR4nO2d2XLrOAxE46n7/7+ceUvpZiwRS2PxdJ/HlERR7hggsdCv7+/vL8HKP9MTEJNIfmokPzWSnxrJT43kp0byUyP5qZH81Eh+av4cr3i9XhUPPgabfz335/rAfMKBbeMcXOMD3+vIcWL69lMj+amR/NScfX81GT8ae0TdOA8X7Eysu+VHLaPCXCdQtCx9+zjUv6nxxp7PWcafGslPTdz3G40M3Oc1GHzL49qmUfo5zy/97uYdeJ+jn/Z+lKhx1iLjT43kp2be+AMNadv+HjjgrIOYlz+Jyx8H/ofe3vIQe9jv76/I+FMj+an5eONv4WqfvcY5fG9zfCLGvPxeP2qJE3R+9Jn4xDgy/tRIfmrmjb/FUAP3zZl1wHHAqTmEicu/x4H9l7u5oWIDAcIlnaWfs4w/NZKfGrfx79xTuZ4VSM6+9cEVtf0Bej7n+aXfL1C5du/4KKrHxyLjT43kp2ad8Z+qrfM+d7wGEMJZ/uo1TiBWvy3kAFkejryUjD81kp+a8v7+bRuhbXELSOwh7HTWLf2uwOv4As+qCPvs+UrI+FMj+alZbfw799bhZyXz/cmhnsc5eijMvh9VG28p60Ad7dQc84fkMuB1jjL+1Eh+alL7fktN1YZNzoa9fmYOrtiAC8zSr6jG3ruGgIzfsL+3jNnztZHxp0byU/Pynq07xYY1hJfqDa19AnfEz/ULvFL1/hv1XNRZQG8nELimLh8h40+N5KemNeY/Va+3eRxLv1+43hDv+39oqE0r3R9n+gAfboeQzI/YkfGnRvJTk+rx60ykZijtp19yxnCM1qWfK2bgvQCVC0iOA3lH43zyXz8Zf2okPzUp4+/1qcljfN6SOdsnM453/PzF8Nu/Knx/pmcPta5J7umP4wRADaV9v4Ah+alZXefvIhkcda0JUIV7/bf/IiV/eI/uXX9V1N9Z5tMwpqveEJ6PkPGnRvJTA9v3X8n43eqavopYheXiil7B41CFPX7bjn3I5AKazxfaczaRjD81kp8an++v8E8N97p6EYvmgLoXy4p8/7GX78pgLt/7iMyzXHWO4WfJ+FMj+ak59/j9dXWv04Ib0j1O9whkzuA6/4A/Lt3fF8UewvvyqfqGMDL+1Eh+atz9/VOGC3Kw28cZ5ySFPX53T8r0/VfnEab2/VcazkVQvl+YkPzUwIx/RQ0/ag7e50LmGRjEMn9XjUKf778DEucPjO+69wr8/JzNyPhTI/mpGavz99b3VRjbzLk6U3TX+Wf88d0fK9IYxvHha4VBlO8XKSQ/Ne7z/L218aiALqovv6JGbypHkD+zaGzpV7o+yNCwBqzo63se/A4Zf2okPzUrzvOHNEhv26AbgSe7XWD6+5ulCtfA3wGcf7imofT8vjtk/KmR/NSU9Pejrs8wtRTw1hx48w6ufSk+3x/Of1fny1Fn8QKfVbEOwCLjT43kpwYf9K04Ry/2CBeWMbclfPOs6O9vu/dK9ZlClmsq7lW+X1iR/NSs+x2/Kb/uHac611B3kOuVsfP8IfnsitzBkpbWHmT8qZH81Kyo8++5MTYUqm/QS08+pfU3fNv6+y0AY/WZvvzwNQ/X25Hxp0byU4Px/ck4f8W+/Mp4rP7hBTPrj/x7rfspp831g8eLx//PvMj4UyP5qVln/Ktj/pk8qSXm/1lBYkx/f8bneY90QOW/m/sJS2skw+8i40+N5KfG3d+PAlXT5y3kqo4xoHIZPWcNrVv6VSyd4EdHfcSyzoKMPzWSn5p1xr+iDmCqxrBz/BjxHj8vwP23KxTR0CsPycejzk90IeNPjeSnJu77UYa6yCmO1OgFBp9dE6xb+l1xxQCq+/urzycwgn2ujD81kp+a1cb/jg3+O3+eLpBwMeBnyF8UG4ATyNPM/laQjD81kp+a1cY/41+9vfgQY1ux7y+tJVwt/1umavSubDtf6Cv6byHjT43kp+bzjH9RXD1jh133Jg0+NpfR2t/vGrbBv87uufPk5y/jT43kp2bst3xQB6iIBz445m90YKjzAEqPUazo64N8DWT8qZH81Jx9v/gfo28/NZKfGslPjeSnRvJTI/mpkfzUSH5qJD81kp+afwF5GTqK65m4GAAAAABJRU5ErkJggg=='),
('TICKET015', 'USER001', N'Show diễn thời trang mùa thu', 220000.0, N'25 Phan Đình Phùng, Phú Nhuận, TP. Hồ Chí Minh', '2024-11-15', GETDATE(), GETDATE(), 1, 'TICKET015', N'Show diễn thời trang với sự góp mặt của nhiều nhà thiết kế nổi tiếng.', 'iVBORw0KGgoAAAANSUhEUgAAAKoAAACqCAIAAACyFEPVAAAACXBIWXMAAA7EAAAOxAGVKw4bAAAGH0lEQVR4nO2d2XLrOAxE46n7/7+ceUvpZiwRS2PxdJ/HlERR7hggsdCv7+/vL8HKP9MTEJNIfmokPzWSnxrJT43kp0byUyP5qZH81Eh+av4cr3i9XhUPPgabfz335/rAfMKBbeMcXOMD3+vIcWL69lMj+amR/NScfX81GT8ae0TdOA8X7Eysu+VHLaPCXCdQtCx9+zjUv6nxxp7PWcafGslPTdz3G40M3Oc1GHzL49qmUfo5zy/97uYdeJ+jn/Z+lKhx1iLjT43kp2be+AMNadv+HjjgrIOYlz+Jyx8H/ofe3vIQe9jv76/I+FMj+an5eONv4WqfvcY5fG9zfCLGvPxeP2qJE3R+9Jn4xDgy/tRIfmrmjb/FUAP3zZl1wHHAqTmEicu/x4H9l7u5oWIDAcIlnaWfs4w/NZKfGrfx79xTuZ4VSM6+9cEVtf0Bej7n+aXfL1C5du/4KKrHxyLjT43kp2ad8Z+qrfM+d7wGEMJZ/uo1TiBWvy3kAFkejryUjD81kp+a8v7+bRuhbXELSOwh7HTWLf2uwOv4As+qCPvs+UrI+FMj+alZbfw799bhZyXz/cmhnsc5eijMvh9VG28p60Ad7dQc84fkMuB1jjL+1Eh+alL7fktN1YZNzoa9fmYOrtiAC8zSr6jG3ruGgIzfsL+3jNnztZHxp0byU/Pynq07xYY1hJfqDa19AnfEz/ULvFL1/hv1XNRZQG8nELimLh8h40+N5KemNeY/Va+3eRxLv1+43hDv+39oqE0r3R9n+gAfboeQzI/YkfGnRvJTk+rx60ykZijtp19yxnCM1qWfK2bgvQCVC0iOA3lH43zyXz8Zf2okPzUp4+/1qcljfN6SOdsnM453/PzF8Nu/Knx/pmcPta5J7umP4wRADaV9v4Ah+alZXefvIhkcda0JUIV7/bf/IiV/eI/uXX9V1N9Z5tMwpqveEJ6PkPGnRvJTA9v3X8n43eqavopYheXiil7B41CFPX7bjn3I5AKazxfaczaRjD81kp8an++v8E8N97p6EYvmgLoXy4p8/7GX78pgLt/7iMyzXHWO4WfJ+FMj+ak59/j9dXWv04Ib0j1O9whkzuA6/4A/Lt3fF8UewvvyqfqGMDL+1Eh+atz9/VOGC3Kw28cZ5ySFPX53T8r0/VfnEab2/VcazkVQvl+YkPzUwIx/RQ0/ag7e50LmGRjEMn9XjUKf778DEucPjO+69wr8/JzNyPhTI/mpGavz99b3VRjbzLk6U3TX+Wf88d0fK9IYxvHha4VBlO8XKSQ/Ne7z/L218aiALqovv6JGbypHkD+zaGzpV7o+yNCwBqzo63se/A4Zf2okPzUrzvOHNEhv26AbgSe7XWD6+5ulCtfA3wGcf7imofT8vjtk/KmR/NSU9Pejrs8wtRTw1hx48w6ufSk+3x/Of1fny1Fn8QKfVbEOwCLjT43kpwYf9K04Ry/2CBeWMbclfPOs6O9vu/dK9ZlClmsq7lW+X1iR/NSs+x2/Kb/uHac611B3kOuVsfP8IfnsitzBkpbWHmT8qZH81Kyo8++5MTYUqm/QS08+pfU3fNv6+y0AY/WZvvzwNQ/X25Hxp0byU4Px/ck4f8W+/Mp4rP7hBTPrj/x7rfspp831g8eLx//PvMj4UyP5qVln/Ktj/pk8qSXm/1lBYkx/f8bneY90QOW/m/sJS2skw+8i40+N5KfG3d+PAlXT5y3kqo4xoHIZPWcNrVv6VSyd4EdHfcSyzoKMPzWSn5p1xr+iDmCqxrBz/BjxHj8vwP23KxTR0CsPycejzk90IeNPjeSnJu77UYa6yCmO1OgFBp9dE6xb+l1xxQCq+/urzycwgn2ujD81kp+a1cb/jg3+O3+eLpBwMeBnyF8UG4ATyNPM/laQjD81kp+a1cY/41+9vfgQY1ux7y+tJVwt/1umavSubDtf6Cv6byHjT43kp+bzjH9RXD1jh133Jg0+NpfR2t/vGrbBv87uufPk5y/jT43kp2bst3xQB6iIBz445m90YKjzAEqPUazo64N8DWT8qZH81Jx9v/gfo28/NZKfGslPjeSnRvJTI/mpkfzUSH5qJD81kp+afwF5GTqK65m4GAAAAABJRU5ErkJggg=='),
('TICKET016', 'USER001', N'Giải bóng rổ TP. Hồ Chí Minh', 180000.0, N'18 Nguyễn Huệ, Quận 1, TP. Hồ Chí Minh', '2024-11-16', GETDATE(), GETDATE(), 1, 'TICKET016', N'Giải bóng rổ TP. Hồ Chí Minh tại Sân vận động Phú Thọ.', 'iVBORw0KGgoAAAANSUhEUgAAAKoAAACqCAIAAACyFEPVAAAACXBIWXMAAA7EAAAOxAGVKw4bAAAGH0lEQVR4nO2d2XLrOAxE46n7/7+ceUvpZiwRS2PxdJ/HlERR7hggsdCv7+/vL8HKP9MTEJNIfmokPzWSnxrJT43kp0byUyP5qZH81Eh+av4cr3i9XhUPPgabfz335/rAfMKBbeMcXOMD3+vIcWL69lMj+amR/NScfX81GT8ae0TdOA8X7Eysu+VHLaPCXCdQtCx9+zjUv6nxxp7PWcafGslPTdz3G40M3Oc1GHzL49qmUfo5zy/97uYdeJ+jn/Z+lKhx1iLjT43kp2be+AMNadv+HjjgrIOYlz+Jyx8H/ofe3vIQe9jv76/I+FMj+an5eONv4WqfvcY5fG9zfCLGvPxeP2qJE3R+9Jn4xDgy/tRIfmrmjb/FUAP3zZl1wHHAqTmEicu/x4H9l7u5oWIDAcIlnaWfs4w/NZKfGrfx79xTuZ4VSM6+9cEVtf0Bej7n+aXfL1C5du/4KKrHxyLjT43kp2ad8Z+qrfM+d7wGEMJZ/uo1TiBWvy3kAFkejryUjD81kp+a8v7+bRuhbXELSOwh7HTWLf2uwOv4As+qCPvs+UrI+FMj+alZbfw799bhZyXz/cmhnsc5eijMvh9VG28p60Ad7dQc84fkMuB1jjL+1Eh+alL7fktN1YZNzoa9fmYOrtiAC8zSr6jG3ruGgIzfsL+3jNnztZHxp0byU/Pynq07xYY1hJfqDa19AnfEz/ULvFL1/hv1XNRZQG8nELimLh8h40+N5KemNeY/Va+3eRxLv1+43hDv+39oqE0r3R9n+gAfboeQzI/YkfGnRvJTk+rx60ykZijtp19yxnCM1qWfK2bgvQCVC0iOA3lH43zyXz8Zf2okPzUp4+/1qcljfN6SOdsnM453/PzF8Nu/Knx/pmcPta5J7umP4wRADaV9v4Ah+alZXefvIhkcda0JUIV7/bf/IiV/eI/uXX9V1N9Z5tMwpqveEJ6PkPGnRvJTA9v3X8n43eqavopYheXiil7B41CFPX7bjn3I5AKazxfaczaRjD81kp8an++v8E8N97p6EYvmgLoXy4p8/7GX78pgLt/7iMyzXHWO4WfJ+FMj+ak59/j9dXWv04Ib0j1O9whkzuA6/4A/Lt3fF8UewvvyqfqGMDL+1Eh+atz9/VOGC3Kw28cZ5ySFPX53T8r0/VfnEab2/VcazkVQvl+YkPzUwIx/RQ0/ag7e50LmGRjEMn9XjUKf778DEucPjO+69wr8/JzNyPhTI/mpGavz99b3VRjbzLk6U3TX+Wf88d0fK9IYxvHha4VBlO8XKSQ/Ne7z/L218aiALqovv6JGbypHkD+zaGzpV7o+yNCwBqzo63se/A4Zf2okPzUrzvOHNEhv26AbgSe7XWD6+5ulCtfA3wGcf7imofT8vjtk/KmR/NSU9Pejrs8wtRTw1hx48w6ufSk+3x/Of1fny1Fn8QKfVbEOwCLjT43kpwYf9K04Ry/2CBeWMbclfPOs6O9vu/dK9ZlClmsq7lW+X1iR/NSs+x2/Kb/uHac611B3kOuVsfP8IfnsitzBkpbWHmT8qZH81Kyo8++5MTYUqm/QS08+pfU3fNv6+y0AY/WZvvzwNQ/X25Hxp0byU4Px/ck4f8W+/Mp4rP7hBTPrj/x7rfspp831g8eLx//PvMj4UyP5qVln/Ktj/pk8qSXm/1lBYkx/f8bneY90QOW/m/sJS2skw+8i40+N5KfG3d+PAlXT5y3kqo4xoHIZPWcNrVv6VSyd4EdHfcSyzoKMPzWSn5p1xr+iDmCqxrBz/BjxHj8vwP23KxTR0CsPycejzk90IeNPjeSnJu77UYa6yCmO1OgFBp9dE6xb+l1xxQCq+/urzycwgn2ujD81kp+a1cb/jg3+O3+eLpBwMeBnyF8UG4ATyNPM/laQjD81kp+a1cY/41+9vfgQY1ux7y+tJVwt/1umavSubDtf6Cv6byHjT43kp+bzjH9RXD1jh133Jg0+NpfR2t/vGrbBv87uufPk5y/jT43kp2bst3xQB6iIBz445m90YKjzAEqPUazo64N8DWT8qZH81Jx9v/gfo28/NZKfGslPjeSnRvJTI/mpkfzUSH5qJD81kp+afwF5GTqK65m4GAAAAABJRU5ErkJggg=='),
('TICKET017', 'USER002', N'Chương trình hài kịch Việt', 75000.0, N'8 Tôn Đức Thắng, Đống Đa, Hà Nội', '2024-11-17', GETDATE(), GETDATE(), 1, 'TICKET017', N'Chương trình hài kịch với các nghệ sĩ hài nổi tiếng.', 'iVBORw0KGgoAAAANSUhEUgAAAKoAAACqCAIAAACyFEPVAAAACXBIWXMAAA7EAAAOxAGVKw4bAAAGH0lEQVR4nO2d2XLrOAxE46n7/7+ceUvpZiwRS2PxdJ/HlERR7hggsdCv7+/vL8HKP9MTEJNIfmokPzWSnxrJT43kp0byUyP5qZH81Eh+av4cr3i9XhUPPgabfz335/rAfMKBbeMcXOMD3+vIcWL69lMj+amR/NScfX81GT8ae0TdOA8X7Eysu+VHLaPCXCdQtCx9+zjUv6nxxp7PWcafGslPTdz3G40M3Oc1GHzL49qmUfo5zy/97uYdeJ+jn/Z+lKhx1iLjT43kp2be+AMNadv+HjjgrIOYlz+Jyx8H/ofe3vIQe9jv76/I+FMj+an5eONv4WqfvcY5fG9zfCLGvPxeP2qJE3R+9Jn4xDgy/tRIfmrmjb/FUAP3zZl1wHHAqTmEicu/x4H9l7u5oWIDAcIlnaWfs4w/NZKfGrfx79xTuZ4VSM6+9cEVtf0Bej7n+aXfL1C5du/4KKrHxyLjT43kp2ad8Z+qrfM+d7wGEMJZ/uo1TiBWvy3kAFkejryUjD81kp+a8v7+bRuhbXELSOwh7HTWLf2uwOv4As+qCPvs+UrI+FMj+alZbfw799bhZyXz/cmhnsc5eijMvh9VG28p60Ad7dQc84fkMuB1jjL+1Eh+alL7fktN1YZNzoa9fmYOrtiAC8zSr6jG3ruGgIzfsL+3jNnztZHxp0byU/Pynq07xYY1hJfqDa19AnfEz/ULvFL1/hv1XNRZQG8nELimLh8h40+N5KemNeY/Va+3eRxLv1+43hDv+39oqE0r3R9n+gAfboeQzI/YkfGnRvJTk+rx60ykZijtp19yxnCM1qWfK2bgvQCVC0iOA3lH43zyXz8Zf2okPzUp4+/1qcljfN6SOdsnM453/PzF8Nu/Knx/pmcPta5J7umP4wRADaV9v4Ah+alZXefvIhkcda0JUIV7/bf/IiV/eI/uXX9V1N9Z5tMwpqveEJ6PkPGnRvJTA9v3X8n43eqavopYheXiil7B41CFPX7bjn3I5AKazxfaczaRjD81kp8an++v8E8N97p6EYvmgLoXy4p8/7GX78pgLt/7iMyzXHWO4WfJ+FMj+ak59/j9dXWv04Ib0j1O9whkzuA6/4A/Lt3fF8UewvvyqfqGMDL+1Eh+atz9/VOGC3Kw28cZ5ySFPX53T8r0/VfnEab2/VcazkVQvl+YkPzUwIx/RQ0/ag7e50LmGRjEMn9XjUKf778DEucPjO+69wr8/JzNyPhTI/mpGavz99b3VRjbzLk6U3TX+Wf88d0fK9IYxvHha4VBlO8XKSQ/Ne7z/L218aiALqovv6JGbypHkD+zaGzpV7o+yNCwBqzo63se/A4Zf2okPzUrzvOHNEhv26AbgSe7XWD6+5ulCtfA3wGcf7imofT8vjtk/KmR/NSU9Pejrs8wtRTw1hx48w6ufSk+3x/Of1fny1Fn8QKfVbEOwCLjT43kpwYf9K04Ry/2CBeWMbclfPOs6O9vu/dK9ZlClmsq7lW+X1iR/NSs+x2/Kb/uHac611B3kOuVsfP8IfnsitzBkpbWHmT8qZH81Kyo8++5MTYUqm/QS08+pfU3fNv6+y0AY/WZvvzwNQ/X25Hxp0byU4Px/ck4f8W+/Mp4rP7hBTPrj/x7rfspp831g8eLx//PvMj4UyP5qVln/Ktj/pk8qSXm/1lBYkx/f8bneY90QOW/m/sJS2skw+8i40+N5KfG3d+PAlXT5y3kqo4xoHIZPWcNrVv6VSyd4EdHfcSyzoKMPzWSn5p1xr+iDmCqxrBz/BjxHj8vwP23KxTR0CsPycejzk90IeNPjeSnJu77UYa6yCmO1OgFBp9dE6xb+l1xxQCq+/urzycwgn2ujD81kp+a1cb/jg3+O3+eLpBwMeBnyF8UG4ATyNPM/laQjD81kp+a1cY/41+9vfgQY1ux7y+tJVwt/1umavSubDtf6Cv6byHjT43kp+bzjH9RXD1jh133Jg0+NpfR2t/vGrbBv87uufPk5y/jT43kp2bst3xQB6iIBz445m90YKjzAEqPUazo64N8DWT8qZH81Jx9v/gfo28/NZKfGslPjeSnRvJTI/mpkfzUSH5qJD81kp+afwF5GTqK65m4GAAAAABJRU5ErkJggg=='),
('TICKET018', 'USER002', N'Buổi diễn kịch kinh điển', 130000.0, N'12 Lê Hồng Phong, Quận 10, TP. Hồ Chí Minh', '2024-11-18', GETDATE(), GETDATE(), 1, 'TICKET018', N'Buổi diễn kịch kinh điển tại Nhà Hát Hòa Bình.', 'iVBORw0KGgoAAAANSUhEUgAAAKoAAACqCAIAAACyFEPVAAAACXBIWXMAAA7EAAAOxAGVKw4bAAAGH0lEQVR4nO2d2XLrOAxE46n7/7+ceUvpZiwRS2PxdJ/HlERR7hggsdCv7+/vL8HKP9MTEJNIfmokPzWSnxrJT43kp0byUyP5qZH81Eh+av4cr3i9XhUPPgabfz335/rAfMKBbeMcXOMD3+vIcWL69lMj+amR/NScfX81GT8ae0TdOA8X7Eysu+VHLaPCXCdQtCx9+zjUv6nxxp7PWcafGslPTdz3G40M3Oc1GHzL49qmUfo5zy/97uYdeJ+jn/Z+lKhx1iLjT43kp2be+AMNadv+HjjgrIOYlz+Jyx8H/ofe3vIQe9jv76/I+FMj+an5eONv4WqfvcY5fG9zfCLGvPxeP2qJE3R+9Jn4xDgy/tRIfmrmjb/FUAP3zZl1wHHAqTmEicu/x4H9l7u5oWIDAcIlnaWfs4w/NZKfGrfx79xTuZ4VSM6+9cEVtf0Bej7n+aXfL1C5du/4KKrHxyLjT43kp2ad8Z+qrfM+d7wGEMJZ/uo1TiBWvy3kAFkejryUjD81kp+a8v7+bRuhbXELSOwh7HTWLf2uwOv4As+qCPvs+UrI+FMj+alZbfw799bhZyXz/cmhnsc5eijMvh9VG28p60Ad7dQc84fkMuB1jjL+1Eh+alL7fktN1YZNzoa9fmYOrtiAC8zSr6jG3ruGgIzfsL+3jNnztZHxp0byU/Pynq07xYY1hJfqDa19AnfEz/ULvFL1/hv1XNRZQG8nELimLh8h40+N5KemNeY/Va+3eRxLv1+43hDv+39oqE0r3R9n+gAfboeQzI/YkfGnRvJTk+rx60ykZijtp19yxnCM1qWfK2bgvQCVC0iOA3lH43zyXz8Zf2okPzUp4+/1qcljfN6SOdsnM453/PzF8Nu/Knx/pmcPta5J7umP4wRADaV9v4Ah+alZXefvIhkcda0JUIV7/bf/IiV/eI/uXX9V1N9Z5tMwpqveEJ6PkPGnRvJTA9v3X8n43eqavopYheXiil7B41CFPX7bjn3I5AKazxfaczaRjD81kp8an++v8E8N97p6EYvmgLoXy4p8/7GX78pgLt/7iMyzXHWO4WfJ+FMj+ak59/j9dXWv04Ib0j1O9whkzuA6/4A/Lt3fF8UewvvyqfqGMDL+1Eh+atz9/VOGC3Kw28cZ5ySFPX53T8r0/VfnEab2/VcazkVQvl+YkPzUwIx/RQ0/ag7e50LmGRjEMn9XjUKf778DEucPjO+69wr8/JzNyPhTI/mpGavz99b3VRjbzLk6U3TX+Wf88d0fK9IYxvHha4VBlO8XKSQ/Ne7z/L218aiALqovv6JGbypHkD+zaGzpV7o+yNCwBqzo63se/A4Zf2okPzUrzvOHNEhv26AbgSe7XWD6+5ulCtfA3wGcf7imofT8vjtk/KmR/NSU9Pejrs8wtRTw1hx48w6ufSk+3x/Of1fny1Fn8QKfVbEOwCLjT43kpwYf9K04Ry/2CBeWMbclfPOs6O9vu/dK9ZlClmsq7lW+X1iR/NSs+x2/Kb/uHac611B3kOuVsfP8IfnsitzBkpbWHmT8qZH81Kyo8++5MTYUqm/QS08+pfU3fNv6+y0AY/WZvvzwNQ/X25Hxp0byU4Px/ck4f8W+/Mp4rP7hBTPrj/x7rfspp831g8eLx//PvMj4UyP5qVln/Ktj/pk8qSXm/1lBYkx/f8bneY90QOW/m/sJS2skw+8i40+N5KfG3d+PAlXT5y3kqo4xoHIZPWcNrVv6VSyd4EdHfcSyzoKMPzWSn5p1xr+iDmCqxrBz/BjxHj8vwP23KxTR0CsPycejzk90IeNPjeSnJu77UYa6yCmO1OgFBp9dE6xb+l1xxQCq+/urzycwgn2ujD81kp+a1cb/jg3+O3+eLpBwMeBnyF8UG4ATyNPM/laQjD81kp+a1cY/41+9vfgQY1ux7y+tJVwt/1umavSubDtf6Cv6byHjT43kp+bzjH9RXD1jh133Jg0+NpfR2t/vGrbBv87uufPk5y/jT43kp2bst3xQB6iIBz445m90YKjzAEqPUazo64N8DWT8qZH81Jx9v/gfo28/NZKfGslPjeSnRvJTI/mpkfzUSH5qJD81kp+afwF5GTqK65m4GAAAAABJRU5ErkJggg=='),
('TICKET019', 'USER003', N'Lễ hội âm nhạc đường phố', 140000.0, N'40 Nguyễn Thái Bình, Quận 1, TP. Hồ Chí Minh', '2024-11-19', GETDATE(), GETDATE(), 1, 'TICKET019', N'Lễ hội âm nhạc đường phố với nhiều nghệ sĩ biểu diễn.', 'iVBORw0KGgoAAAANSUhEUgAAAKoAAACqCAIAAACyFEPVAAAACXBIWXMAAA7EAAAOxAGVKw4bAAAGH0lEQVR4nO2d2XLrOAxE46n7/7+ceUvpZiwRS2PxdJ/HlERR7hggsdCv7+/vL8HKP9MTEJNIfmokPzWSnxrJT43kp0byUyP5qZH81Eh+av4cr3i9XhUPPgabfz335/rAfMKBbeMcXOMD3+vIcWL69lMj+amR/NScfX81GT8ae0TdOA8X7Eysu+VHLaPCXCdQtCx9+zjUv6nxxp7PWcafGslPTdz3G40M3Oc1GHzL49qmUfo5zy/97uYdeJ+jn/Z+lKhx1iLjT43kp2be+AMNadv+HjjgrIOYlz+Jyx8H/ofe3vIQe9jv76/I+FMj+an5eONv4WqfvcY5fG9zfCLGvPxeP2qJE3R+9Jn4xDgy/tRIfmrmjb/FUAP3zZl1wHHAqTmEicu/x4H9l7u5oWIDAcIlnaWfs4w/NZKfGrfx79xTuZ4VSM6+9cEVtf0Bej7n+aXfL1C5du/4KKrHxyLjT43kp2ad8Z+qrfM+d7wGEMJZ/uo1TiBWvy3kAFkejryUjD81kp+a8v7+bRuhbXELSOwh7HTWLf2uwOv4As+qCPvs+UrI+FMj+alZbfw799bhZyXz/cmhnsc5eijMvh9VG28p60Ad7dQc84fkMuB1jjL+1Eh+alL7fktN1YZNzoa9fmYOrtiAC8zSr6jG3ruGgIzfsL+3jNnztZHxp0byU/Pynq07xYY1hJfqDa19AnfEz/ULvFL1/hv1XNRZQG8nELimLh8h40+N5KemNeY/Va+3eRxLv1+43hDv+39oqE0r3R9n+gAfboeQzI/YkfGnRvJTk+rx60ykZijtp19yxnCM1qWfK2bgvQCVC0iOA3lH43zyXz8Zf2okPzUp4+/1qcljfN6SOdsnM453/PzF8Nu/Knx/pmcPta5J7umP4wRADaV9v4Ah+alZXefvIhkcda0JUIV7/bf/IiV/eI/uXX9V1N9Z5tMwpqveEJ6PkPGnRvJTA9v3X8n43eqavopYheXiil7B41CFPX7bjn3I5AKazxfaczaRjD81kp8an++v8E8N97p6EYvmgLoXy4p8/7GX78pgLt/7iMyzXHWO4WfJ+FMj+ak59/j9dXWv04Ib0j1O9whkzuA6/4A/Lt3fF8UewvvyqfqGMDL+1Eh+atz9/VOGC3Kw28cZ5ySFPX53T8r0/VfnEab2/VcazkVQvl+YkPzUwIx/RQ0/ag7e50LmGRjEMn9XjUKf778DEucPjO+69wr8/JzNyPhTI/mpGavz99b3VRjbzLk6U3TX+Wf88d0fK9IYxvHha4VBlO8XKSQ/Ne7z/L218aiALqovv6JGbypHkD+zaGzpV7o+yNCwBqzo63se/A4Zf2okPzUrzvOHNEhv26AbgSe7XWD6+5ulCtfA3wGcf7imofT8vjtk/KmR/NSU9Pejrs8wtRTw1hx48w6ufSk+3x/Of1fny1Fn8QKfVbEOwCLjT43kpwYf9K04Ry/2CBeWMbclfPOs6O9vu/dK9ZlClmsq7lW+X1iR/NSs+x2/Kb/uHac611B3kOuVsfP8IfnsitzBkpbWHmT8qZH81Kyo8++5MTYUqm/QS08+pfU3fNv6+y0AY/WZvvzwNQ/X25Hxp0byU4Px/ck4f8W+/Mp4rP7hBTPrj/x7rfspp831g8eLx//PvMj4UyP5qVln/Ktj/pk8qSXm/1lBYkx/f8bneY90QOW/m/sJS2skw+8i40+N5KfG3d+PAlXT5y3kqo4xoHIZPWcNrVv6VSyd4EdHfcSyzoKMPzWSn5p1xr+iDmCqxrBz/BjxHj8vwP23KxTR0CsPycejzk90IeNPjeSnJu77UYa6yCmO1OgFBp9dE6xb+l1xxQCq+/urzycwgn2ujD81kp+a1cb/jg3+O3+eLpBwMeBnyF8UG4ATyNPM/laQjD81kp+a1cY/41+9vfgQY1ux7y+tJVwt/1umavSubDtf6Cv6byHjT43kp+bzjH9RXD1jh133Jg0+NpfR2t/vGrbBv87uufPk5y/jT43kp2bst3xQB6iIBz445m90YKjzAEqPUazo64N8DWT8qZH81Jx9v/gfo28/NZKfGslPjeSnRvJTI/mpkfzUSH5qJD81kp+afwF5GTqK65m4GAAAAABJRU5ErkJggg=='),
('TICKET020', 'USER003', N'Chương trình trình diễn nghệ thuật', 210000.0, N'22 Trần Quang Khải, Hoàn Kiếm, Hà Nội', '2024-11-20', GETDATE(), GETDATE(), 1, 'TICKET020', N'Chương trình trình diễn nghệ thuật tại Nhà Hát Lớn Hà Nội.', 'iVBORw0KGgoAAAANSUhEUgAAAKoAAACqCAIAAACyFEPVAAAACXBIWXMAAA7EAAAOxAGVKw4bAAAGH0lEQVR4nO2d2XLrOAxE46n7/7+ceUvpZiwRS2PxdJ/HlERR7hggsdCv7+/vL8HKP9MTEJNIfmokPzWSnxrJT43kp0byUyP5qZH81Eh+av4cr3i9XhUPPgabfz335/rAfMKBbeMcXOMD3+vIcWL69lMj+amR/NScfX81GT8ae0TdOA8X7Eysu+VHLaPCXCdQtCx9+zjUv6nxxp7PWcafGslPTdz3G40M3Oc1GHzL49qmUfo5zy/97uYdeJ+jn/Z+lKhx1iLjT43kp2be+AMNadv+HjjgrIOYlz+Jyx8H/ofe3vIQe9jv76/I+FMj+an5eONv4WqfvcY5fG9zfCLGvPxeP2qJE3R+9Jn4xDgy/tRIfmrmjb/FUAP3zZl1wHHAqTmEicu/x4H9l7u5oWIDAcIlnaWfs4w/NZKfGrfx79xTuZ4VSM6+9cEVtf0Bej7n+aXfL1C5du/4KKrHxyLjT43kp2ad8Z+qrfM+d7wGEMJZ/uo1TiBWvy3kAFkejryUjD81kp+a8v7+bRuhbXELSOwh7HTWLf2uwOv4As+qCPvs+UrI+FMj+alZbfw799bhZyXz/cmhnsc5eijMvh9VG28p60Ad7dQc84fkMuB1jjL+1Eh+alL7fktN1YZNzoa9fmYOrtiAC8zSr6jG3ruGgIzfsL+3jNnztZHxp0byU/Pynq07xYY1hJfqDa19AnfEz/ULvFL1/hv1XNRZQG8nELimLh8h40+N5KemNeY/Va+3eRxLv1+43hDv+39oqE0r3R9n+gAfboeQzI/YkfGnRvJTk+rx60ykZijtp19yxnCM1qWfK2bgvQCVC0iOA3lH43zyXz8Zf2okPzUp4+/1qcljfN6SOdsnM453/PzF8Nu/Knx/pmcPta5J7umP4wRADaV9v4Ah+alZXefvIhkcda0JUIV7/bf/IiV/eI/uXX9V1N9Z5tMwpqveEJ6PkPGnRvJTA9v3X8n43eqavopYheXiil7B41CFPX7bjn3I5AKazxfaczaRjD81kp8an++v8E8N97p6EYvmgLoXy4p8/7GX78pgLt/7iMyzXHWO4WfJ+FMj+ak59/j9dXWv04Ib0j1O9whkzuA6/4A/Lt3fF8UewvvyqfqGMDL+1Eh+atz9/VOGC3Kw28cZ5ySFPX53T8r0/VfnEab2/VcazkVQvl+YkPzUwIx/RQ0/ag7e50LmGRjEMn9XjUKf778DEucPjO+69wr8/JzNyPhTI/mpGavz99b3VRjbzLk6U3TX+Wf88d0fK9IYxvHha4VBlO8XKSQ/Ne7z/L218aiALqovv6JGbypHkD+zaGzpV7o+yNCwBqzo63se/A4Zf2okPzUrzvOHNEhv26AbgSe7XWD6+5ulCtfA3wGcf7imofT8vjtk/KmR/NSU9Pejrs8wtRTw1hx48w6ufSk+3x/Of1fny1Fn8QKfVbEOwCLjT43kpwYf9K04Ry/2CBeWMbclfPOs6O9vu/dK9ZlClmsq7lW+X1iR/NSs+x2/Kb/uHac611B3kOuVsfP8IfnsitzBkpbWHmT8qZH81Kyo8++5MTYUqm/QS08+pfU3fNv6+y0AY/WZvvzwNQ/X25Hxp0byU4Px/ck4f8W+/Mp4rP7hBTPrj/x7rfspp831g8eLx//PvMj4UyP5qVln/Ktj/pk8qSXm/1lBYkx/f8bneY90QOW/m/sJS2skw+8i40+N5KfG3d+PAlXT5y3kqo4xoHIZPWcNrVv6VSyd4EdHfcSyzoKMPzWSn5p1xr+iDmCqxrBz/BjxHj8vwP23KxTR0CsPycejzk90IeNPjeSnJu77UYa6yCmO1OgFBp9dE6xb+l1xxQCq+/urzycwgn2ujD81kp+a1cb/jg3+O3+eLpBwMeBnyF8UG4ATyNPM/laQjD81kp+a1cY/41+9vfgQY1ux7y+tJVwt/1umavSubDtf6Cv6byHjT43kp+bzjH9RXD1jh133Jg0+NpfR2t/vGrbBv87uufPk5y/jT43kp2bst3xQB6iIBz445m90YKjzAEqPUazo64N8DWT8qZH81Jx9v/gfo28/NZKfGslPjeSnRvJTI/mpkfzUSH5qJD81kp+afwF5GTqK65m4GAAAAABJRU5ErkJggg=='),
('TICKET021', 'USER004', N'Triển lãm ô tô quốc tế', 300000.0, N'5 Lê Duẩn, Quận 1, TP. Hồ Chí Minh', '2024-11-21', GETDATE(), GETDATE(), 1, 'TICKET021', N'Triển lãm ô tô với nhiều mẫu xe mới và công nghệ hiện đại.', 'iVBORw0KGgoAAAANSUhEUgAAAKoAAACqCAIAAACyFEPVAAAACXBIWXMAAA7EAAAOxAGVKw4bAAAGH0lEQVR4nO2d2XLrOAxE46n7/7+ceUvpZiwRS2PxdJ/HlERR7hggsdCv7+/vL8HKP9MTEJNIfmokPzWSnxrJT43kp0byUyP5qZH81Eh+av4cr3i9XhUPPgabfz335/rAfMKBbeMcXOMD3+vIcWL69lMj+amR/NScfX81GT8ae0TdOA8X7Eysu+VHLaPCXCdQtCx9+zjUv6nxxp7PWcafGslPTdz3G40M3Oc1GHzL49qmUfo5zy/97uYdeJ+jn/Z+lKhx1iLjT43kp2be+AMNadv+HjjgrIOYlz+Jyx8H/ofe3vIQe9jv76/I+FMj+an5eONv4WqfvcY5fG9zfCLGvPxeP2qJE3R+9Jn4xDgy/tRIfmrmjb/FUAP3zZl1wHHAqTmEicu/x4H9l7u5oWIDAcIlnaWfs4w/NZKfGrfx79xTuZ4VSM6+9cEVtf0Bej7n+aXfL1C5du/4KKrHxyLjT43kp2ad8Z+qrfM+d7wGEMJZ/uo1TiBWvy3kAFkejryUjD81kp+a8v7+bRuhbXELSOwh7HTWLf2uwOv4As+qCPvs+UrI+FMj+alZbfw799bhZyXz/cmhnsc5eijMvh9VG28p60Ad7dQc84fkMuB1jjL+1Eh+alL7fktN1YZNzoa9fmYOrtiAC8zSr6jG3ruGgIzfsL+3jNnztZHxp0byU/Pynq07xYY1hJfqDa19AnfEz/ULvFL1/hv1XNRZQG8nELimLh8h40+N5KemNeY/Va+3eRxLv1+43hDv+39oqE0r3R9n+gAfboeQzI/YkfGnRvJTk+rx60ykZijtp19yxnCM1qWfK2bgvQCVC0iOA3lH43zyXz8Zf2okPzUp4+/1qcljfN6SOdsnM453/PzF8Nu/Knx/pmcPta5J7umP4wRADaV9v4Ah+alZXefvIhkcda0JUIV7/bf/IiV/eI/uXX9V1N9Z5tMwpqveEJ6PkPGnRvJTA9v3X8n43eqavopYheXiil7B41CFPX7bjn3I5AKazxfaczaRjD81kp8an++v8E8N97p6EYvmgLoXy4p8/7GX78pgLt/7iMyzXHWO4WfJ+FMj+ak59/j9dXWv04Ib0j1O9whkzuA6/4A/Lt3fF8UewvvyqfqGMDL+1Eh+atz9/VOGC3Kw28cZ5ySFPX53T8r0/VfnEab2/VcazkVQvl+YkPzUwIx/RQ0/ag7e50LmGRjEMn9XjUKf778DEucPjO+69wr8/JzNyPhTI/mpGavz99b3VRjbzLk6U3TX+Wf88d0fK9IYxvHha4VBlO8XKSQ/Ne7z/L218aiALqovv6JGbypHkD+zaGzpV7o+yNCwBqzo63se/A4Zf2okPzUrzvOHNEhv26AbgSe7XWD6+5ulCtfA3wGcf7imofT8vjtk/KmR/NSU9Pejrs8wtRTw1hx48w6ufSk+3x/Of1fny1Fn8QKfVbEOwCLjT43kpwYf9K04Ry/2CBeWMbclfPOs6O9vu/dK9ZlClmsq7lW+X1iR/NSs+x2/Kb/uHac611B3kOuVsfP8IfnsitzBkpbWHmT8qZH81Kyo8++5MTYUqm/QS08+pfU3fNv6+y0AY/WZvvzwNQ/X25Hxp0byU4Px/ck4f8W+/Mp4rP7hBTPrj/x7rfspp831g8eLx//PvMj4UyP5qVln/Ktj/pk8qSXm/1lBYkx/f8bneY90QOW/m/sJS2skw+8i40+N5KfG3d+PAlXT5y3kqo4xoHIZPWcNrVv6VSyd4EdHfcSyzoKMPzWSn5p1xr+iDmCqxrBz/BjxHj8vwP23KxTR0CsPycejzk90IeNPjeSnJu77UYa6yCmO1OgFBp9dE6xb+l1xxQCq+/urzycwgn2ujD81kp+a1cb/jg3+O3+eLpBwMeBnyF8UG4ATyNPM/laQjD81kp+a1cY/41+9vfgQY1ux7y+tJVwt/1umavSubDtf6Cv6byHjT43kp+bzjH9RXD1jh133Jg0+NpfR2t/vGrbBv87uufPk5y/jT43kp2bst3xQB6iIBz445m90YKjzAEqPUazo64N8DWT8qZH81Jx9v/gfo28/NZKfGslPjeSnRvJTI/mpkfzUSH5qJD81kp+afwF5GTqK65m4GAAAAABJRU5ErkJggg=='),
('TICKET022', 'USER004', N'Hội chợ sách quốc tế', 85000.0, N'15 Lê Lợi, Quận 1, TP. Hồ Chí Minh', '2024-11-22', GETDATE(), GETDATE(), 1, 'TICKET022', N'Hội chợ sách quốc tế với sự tham gia của nhiều tác giả nổi tiếng.', 'iVBORw0KGgoAAAANSUhEUgAAAKoAAACqCAIAAACyFEPVAAAACXBIWXMAAA7EAAAOxAGVKw4bAAAGH0lEQVR4nO2d2XLrOAxE46n7/7+ceUvpZiwRS2PxdJ/HlERR7hggsdCv7+/vL8HKP9MTEJNIfmokPzWSnxrJT43kp0byUyP5qZH81Eh+av4cr3i9XhUPPgabfz335/rAfMKBbeMcXOMD3+vIcWL69lMj+amR/NScfX81GT8ae0TdOA8X7Eysu+VHLaPCXCdQtCx9+zjUv6nxxp7PWcafGslPTdz3G40M3Oc1GHzL49qmUfo5zy/97uYdeJ+jn/Z+lKhx1iLjT43kp2be+AMNadv+HjjgrIOYlz+Jyx8H/ofe3vIQe9jv76/I+FMj+an5eONv4WqfvcY5fG9zfCLGvPxeP2qJE3R+9Jn4xDgy/tRIfmrmjb/FUAP3zZl1wHHAqTmEicu/x4H9l7u5oWIDAcIlnaWfs4w/NZKfGrfx79xTuZ4VSM6+9cEVtf0Bej7n+aXfL1C5du/4KKrHxyLjT43kp2ad8Z+qrfM+d7wGEMJZ/uo1TiBWvy3kAFkejryUjD81kp+a8v7+bRuhbXELSOwh7HTWLf2uwOv4As+qCPvs+UrI+FMj+alZbfw799bhZyXz/cmhnsc5eijMvh9VG28p60Ad7dQc84fkMuB1jjL+1Eh+alL7fktN1YZNzoa9fmYOrtiAC8zSr6jG3ruGgIzfsL+3jNnztZHxp0byU/Pynq07xYY1hJfqDa19AnfEz/ULvFL1/hv1XNRZQG8nELimLh8h40+N5KemNeY/Va+3eRxLv1+43hDv+39oqE0r3R9n+gAfboeQzI/YkfGnRvJTk+rx60ykZijtp19yxnCM1qWfK2bgvQCVC0iOA3lH43zyXz8Zf2okPzUp4+/1qcljfN6SOdsnM453/PzF8Nu/Knx/pmcPta5J7umP4wRADaV9v4Ah+alZXefvIhkcda0JUIV7/bf/IiV/eI/uXX9V1N9Z5tMwpqveEJ6PkPGnRvJTA9v3X8n43eqavopYheXiil7B41CFPX7bjn3I5AKazxfaczaRjD81kp8an++v8E8N97p6EYvmgLoXy4p8/7GX78pgLt/7iMyzXHWO4WfJ+FMj+ak59/j9dXWv04Ib0j1O9whkzuA6/4A/Lt3fF8UewvvyqfqGMDL+1Eh+atz9/VOGC3Kw28cZ5ySFPX53T8r0/VfnEab2/VcazkVQvl+YkPzUwIx/RQ0/ag7e50LmGRjEMn9XjUKf778DEucPjO+69wr8/JzNyPhTI/mpGavz99b3VRjbzLk6U3TX+Wf88d0fK9IYxvHha4VBlO8XKSQ/Ne7z/L218aiALqovv6JGbypHkD+zaGzpV7o+yNCwBqzo63se/A4Zf2okPzUrzvOHNEhv26AbgSe7XWD6+5ulCtfA3wGcf7imofT8vjtk/KmR/NSU9Pejrs8wtRTw1hx48w6ufSk+3x/Of1fny1Fn8QKfVbEOwCLjT43kpwYf9K04Ry/2CBeWMbclfPOs6O9vu/dK9ZlClmsq7lW+X1iR/NSs+x2/Kb/uHac611B3kOuVsfP8IfnsitzBkpbWHmT8qZH81Kyo8++5MTYUqm/QS08+pfU3fNv6+y0AY/WZvvzwNQ/X25Hxp0byU4Px/ck4f8W+/Mp4rP7hBTPrj/x7rfspp831g8eLx//PvMj4UyP5qVln/Ktj/pk8qSXm/1lBYkx/f8bneY90QOW/m/sJS2skw+8i40+N5KfG3d+PAlXT5y3kqo4xoHIZPWcNrVv6VSyd4EdHfcSyzoKMPzWSn5p1xr+iDmCqxrBz/BjxHj8vwP23KxTR0CsPycejzk90IeNPjeSnJu77UYa6yCmO1OgFBp9dE6xb+l1xxQCq+/urzycwgn2ujD81kp+a1cb/jg3+O3+eLpBwMeBnyF8UG4ATyNPM/laQjD81kp+a1cY/41+9vfgQY1ux7y+tJVwt/1umavSubDtf6Cv6byHjT43kp+bzjH9RXD1jh133Jg0+NpfR2t/vGrbBv87uufPk5y/jT43kp2bst3xQB6iIBz445m90YKjzAEqPUazo64N8DWT8qZH81Jx9v/gfo28/NZKfGslPjeSnRvJTI/mpkfzUSH5qJD81kp+afwF5GTqK65m4GAAAAABJRU5ErkJggg=='),
('TICKET023', 'USER005', N'Buổi trình diễn ảo thuật', 100000.0, N'100 Đinh Tiên Hoàng, Bình Thạnh, TP. Hồ Chí Minh', '2024-11-23', GETDATE(), GETDATE(), 1, 'TICKET023', N'Buổi trình diễn ảo thuật hấp dẫn dành cho mọi lứa tuổi.', 'iVBORw0KGgoAAAANSUhEUgAAAKoAAACqCAIAAACyFEPVAAAACXBIWXMAAA7EAAAOxAGVKw4bAAAGH0lEQVR4nO2d2XLrOAxE46n7/7+ceUvpZiwRS2PxdJ/HlERR7hggsdCv7+/vL8HKP9MTEJNIfmokPzWSnxrJT43kp0byUyP5qZH81Eh+av4cr3i9XhUPPgabfz335/rAfMKBbeMcXOMD3+vIcWL69lMj+amR/NScfX81GT8ae0TdOA8X7Eysu+VHLaPCXCdQtCx9+zjUv6nxxp7PWcafGslPTdz3G40M3Oc1GHzL49qmUfo5zy/97uYdeJ+jn/Z+lKhx1iLjT43kp2be+AMNadv+HjjgrIOYlz+Jyx8H/ofe3vIQe9jv76/I+FMj+an5eONv4WqfvcY5fG9zfCLGvPxeP2qJE3R+9Jn4xDgy/tRIfmrmjb/FUAP3zZl1wHHAqTmEicu/x4H9l7u5oWIDAcIlnaWfs4w/NZKfGrfx79xTuZ4VSM6+9cEVtf0Bej7n+aXfL1C5du/4KKrHxyLjT43kp2ad8Z+qrfM+d7wGEMJZ/uo1TiBWvy3kAFkejryUjD81kp+a8v7+bRuhbXELSOwh7HTWLf2uwOv4As+qCPvs+UrI+FMj+alZbfw799bhZyXz/cmhnsc5eijMvh9VG28p60Ad7dQc84fkMuB1jjL+1Eh+alL7fktN1YZNzoa9fmYOrtiAC8zSr6jG3ruGgIzfsL+3jNnztZHxp0byU/Pynq07xYY1hJfqDa19AnfEz/ULvFL1/hv1XNRZQG8nELimLh8h40+N5KemNeY/Va+3eRxLv1+43hDv+39oqE0r3R9n+gAfboeQzI/YkfGnRvJTk+rx60ykZijtp19yxnCM1qWfK2bgvQCVC0iOA3lH43zyXz8Zf2okPzUp4+/1qcljfN6SOdsnM453/PzF8Nu/Knx/pmcPta5J7umP4wRADaV9v4Ah+alZXefvIhkcda0JUIV7/bf/IiV/eI/uXX9V1N9Z5tMwpqveEJ6PkPGnRvJTA9v3X8n43eqavopYheXiil7B41CFPX7bjn3I5AKazxfaczaRjD81kp8an++v8E8N97p6EYvmgLoXy4p8/7GX78pgLt/7iMyzXHWO4WfJ+FMj+ak59/j9dXWv04Ib0j1O9whkzuA6/4A/Lt3fF8UewvvyqfqGMDL+1Eh+atz9/VOGC3Kw28cZ5ySFPX53T8r0/VfnEab2/VcazkVQvl+YkPzUwIx/RQ0/ag7e50LmGRjEMn9XjUKf778DEucPjO+69wr8/JzNyPhTI/mpGavz99b3VRjbzLk6U3TX+Wf88d0fK9IYxvHha4VBlO8XKSQ/Ne7z/L218aiALqovv6JGbypHkD+zaGzpV7o+yNCwBqzo63se/A4Zf2okPzUrzvOHNEhv26AbgSe7XWD6+5ulCtfA3wGcf7imofT8vjtk/KmR/NSU9Pejrs8wtRTw1hx48w6ufSk+3x/Of1fny1Fn8QKfVbEOwCLjT43kpwYf9K04Ry/2CBeWMbclfPOs6O9vu/dK9ZlClmsq7lW+X1iR/NSs+x2/Kb/uHac611B3kOuVsfP8IfnsitzBkpbWHmT8qZH81Kyo8++5MTYUqm/QS08+pfU3fNv6+y0AY/WZvvzwNQ/X25Hxp0byU4Px/ck4f8W+/Mp4rP7hBTPrj/x7rfspp831g8eLx//PvMj4UyP5qVln/Ktj/pk8qSXm/1lBYkx/f8bneY90QOW/m/sJS2skw+8i40+N5KfG3d+PAlXT5y3kqo4xoHIZPWcNrVv6VSyd4EdHfcSyzoKMPzWSn5p1xr+iDmCqxrBz/BjxHj8vwP23KxTR0CsPycejzk90IeNPjeSnJu77UYa6yCmO1OgFBp9dE6xb+l1xxQCq+/urzycwgn2ujD81kp+a1cb/jg3+O3+eLpBwMeBnyF8UG4ATyNPM/laQjD81kp+a1cY/41+9vfgQY1ux7y+tJVwt/1umavSubDtf6Cv6byHjT43kp+bzjH9RXD1jh133Jg0+NpfR2t/vGrbBv87uufPk5y/jT43kp2bst3xQB6iIBz445m90YKjzAEqPUazo64N8DWT8qZH81Jx9v/gfo28/NZKfGslPjeSnRvJTI/mpkfzUSH5qJD81kp+afwF5GTqK65m4GAAAAABJRU5ErkJggg=='),
('TICKET024', 'USER005', N'Chương trình ca nhạc mừng Giáng Sinh', 90000.0, N'50 Ngô Thời Nhiệm, Quận 3, TP. Hồ Chí Minh', '2024-11-24', GETDATE(), GETDATE(), 1, 'TICKET024', N'Chương trình ca nhạc mừng Giáng Sinh tại Nhà Hát Hòa Bình.', 'iVBORw0KGgoAAAANSUhEUgAAAKoAAACqCAIAAACyFEPVAAAACXBIWXMAAA7EAAAOxAGVKw4bAAAGH0lEQVR4nO2d2XLrOAxE46n7/7+ceUvpZiwRS2PxdJ/HlERR7hggsdCv7+/vL8HKP9MTEJNIfmokPzWSnxrJT43kp0byUyP5qZH81Eh+av4cr3i9XhUPPgabfz335/rAfMKBbeMcXOMD3+vIcWL69lMj+amR/NScfX81GT8ae0TdOA8X7Eysu+VHLaPCXCdQtCx9+zjUv6nxxp7PWcafGslPTdz3G40M3Oc1GHzL49qmUfo5zy/97uYdeJ+jn/Z+lKhx1iLjT43kp2be+AMNadv+HjjgrIOYlz+Jyx8H/ofe3vIQe9jv76/I+FMj+an5eONv4WqfvcY5fG9zfCLGvPxeP2qJE3R+9Jn4xDgy/tRIfmrmjb/FUAP3zZl1wHHAqTmEicu/x4H9l7u5oWIDAcIlnaWfs4w/NZKfGrfx79xTuZ4VSM6+9cEVtf0Bej7n+aXfL1C5du/4KKrHxyLjT43kp2ad8Z+qrfM+d7wGEMJZ/uo1TiBWvy3kAFkejryUjD81kp+a8v7+bRuhbXELSOwh7HTWLf2uwOv4As+qCPvs+UrI+FMj+alZbfw799bhZyXz/cmhnsc5eijMvh9VG28p60Ad7dQc84fkMuB1jjL+1Eh+alL7fktN1YZNzoa9fmYOrtiAC8zSr6jG3ruGgIzfsL+3jNnztZHxp0byU/Pynq07xYY1hJfqDa19AnfEz/ULvFL1/hv1XNRZQG8nELimLh8h40+N5KemNeY/Va+3eRxLv1+43hDv+39oqE0r3R9n+gAfboeQzI/YkfGnRvJTk+rx60ykZijtp19yxnCM1qWfK2bgvQCVC0iOA3lH43zyXz8Zf2okPzUp4+/1qcljfN6SOdsnM453/PzF8Nu/Knx/pmcPta5J7umP4wRADaV9v4Ah+alZXefvIhkcda0JUIV7/bf/IiV/eI/uXX9V1N9Z5tMwpqveEJ6PkPGnRvJTA9v3X8n43eqavopYheXiil7B41CFPX7bjn3I5AKazxfaczaRjD81kp8an++v8E8N97p6EYvmgLoXy4p8/7GX78pgLt/7iMyzXHWO4WfJ+FMj+ak59/j9dXWv04Ib0j1O9whkzuA6/4A/Lt3fF8UewvvyqfqGMDL+1Eh+atz9/VOGC3Kw28cZ5ySFPX53T8r0/VfnEab2/VcazkVQvl+YkPzUwIx/RQ0/ag7e50LmGRjEMn9XjUKf778DEucPjO+69wr8/JzNyPhTI/mpGavz99b3VRjbzLk6U3TX+Wf88d0fK9IYxvHha4VBlO8XKSQ/Ne7z/L218aiALqovv6JGbypHkD+zaGzpV7o+yNCwBqzo63se/A4Zf2okPzUrzvOHNEhv26AbgSe7XWD6+5ulCtfA3wGcf7imofT8vjtk/KmR/NSU9Pejrs8wtRTw1hx48w6ufSk+3x/Of1fny1Fn8QKfVbEOwCLjT43kpwYf9K04Ry/2CBeWMbclfPOs6O9vu/dK9ZlClmsq7lW+X1iR/NSs+x2/Kb/uHac611B3kOuVsfP8IfnsitzBkpbWHmT8qZH81Kyo8++5MTYUqm/QS08+pfU3fNv6+y0AY/WZvvzwNQ/X25Hxp0byU4Px/ck4f8W+/Mp4rP7hBTPrj/x7rfspp831g8eLx//PvMj4UyP5qVln/Ktj/pk8qSXm/1lBYkx/f8bneY90QOW/m/sJS2skw+8i40+N5KfG3d+PAlXT5y3kqo4xoHIZPWcNrVv6VSyd4EdHfcSyzoKMPzWSn5p1xr+iDmCqxrBz/BjxHj8vwP23KxTR0CsPycejzk90IeNPjeSnJu77UYa6yCmO1OgFBp9dE6xb+l1xxQCq+/urzycwgn2ujD81kp+a1cb/jg3+O3+eLpBwMeBnyF8UG4ATyNPM/laQjD81kp+a1cY/41+9vfgQY1ux7y+tJVwt/1umavSubDtf6Cv6byHjT43kp+bzjH9RXD1jh133Jg0+NpfR2t/vGrbBv87uufPk5y/jT43kp2bst3xQB6iIBz445m90YKjzAEqPUazo64N8DWT8qZH81Jx9v/gfo28/NZKfGslPjeSnRvJTI/mpkfzUSH5qJD81kp+afwF5GTqK65m4GAAAAABJRU5ErkJggg=='),
('TICKET025', 'USER006', N'Sự kiện yoga quốc tế', 60000.0, N'70 Võ Văn Kiệt, Quận 1, TP. Hồ Chí Minh', '2024-11-25', GETDATE(), GETDATE(), 1, 'TICKET025', N'Sự kiện yoga quốc tế với nhiều giảng viên nổi tiếng.', 'iVBORw0KGgoAAAANSUhEUgAAAKoAAACqCAIAAACyFEPVAAAACXBIWXMAAA7EAAAOxAGVKw4bAAAGH0lEQVR4nO2d2XLrOAxE46n7/7+ceUvpZiwRS2PxdJ/HlERR7hggsdCv7+/vL8HKP9MTEJNIfmokPzWSnxrJT43kp0byUyP5qZH81Eh+av4cr3i9XhUPPgabfz335/rAfMKBbeMcXOMD3+vIcWL69lMj+amR/NScfX81GT8ae0TdOA8X7Eysu+VHLaPCXCdQtCx9+zjUv6nxxp7PWcafGslPTdz3G40M3Oc1GHzL49qmUfo5zy/97uYdeJ+jn/Z+lKhx1iLjT43kp2be+AMNadv+HjjgrIOYlz+Jyx8H/ofe3vIQe9jv76/I+FMj+an5eONv4WqfvcY5fG9zfCLGvPxeP2qJE3R+9Jn4xDgy/tRIfmrmjb/FUAP3zZl1wHHAqTmEicu/x4H9l7u5oWIDAcIlnaWfs4w/NZKfGrfx79xTuZ4VSM6+9cEVtf0Bej7n+aXfL1C5du/4KKrHxyLjT43kp2ad8Z+qrfM+d7wGEMJZ/uo1TiBWvy3kAFkejryUjD81kp+a8v7+bRuhbXELSOwh7HTWLf2uwOv4As+qCPvs+UrI+FMj+alZbfw799bhZyXz/cmhnsc5eijMvh9VG28p60Ad7dQc84fkMuB1jjL+1Eh+alL7fktN1YZNzoa9fmYOrtiAC8zSr6jG3ruGgIzfsL+3jNnztZHxp0byU/Pynq07xYY1hJfqDa19AnfEz/ULvFL1/hv1XNRZQG8nELimLh8h40+N5KemNeY/Va+3eRxLv1+43hDv+39oqE0r3R9n+gAfboeQzI/YkfGnRvJTk+rx60ykZijtp19yxnCM1qWfK2bgvQCVC0iOA3lH43zyXz8Zf2okPzUp4+/1qcljfN6SOdsnM453/PzF8Nu/Knx/pmcPta5J7umP4wRADaV9v4Ah+alZXefvIhkcda0JUIV7/bf/IiV/eI/uXX9V1N9Z5tMwpqveEJ6PkPGnRvJTA9v3X8n43eqavopYheXiil7B41CFPX7bjn3I5AKazxfaczaRjD81kp8an++v8E8N97p6EYvmgLoXy4p8/7GX78pgLt/7iMyzXHWO4WfJ+FMj+ak59/j9dXWv04Ib0j1O9whkzuA6/4A/Lt3fF8UewvvyqfqGMDL+1Eh+atz9/VOGC3Kw28cZ5ySFPX53T8r0/VfnEab2/VcazkVQvl+YkPzUwIx/RQ0/ag7e50LmGRjEMn9XjUKf778DEucPjO+69wr8/JzNyPhTI/mpGavz99b3VRjbzLk6U3TX+Wf88d0fK9IYxvHha4VBlO8XKSQ/Ne7z/L218aiALqovv6JGbypHkD+zaGzpV7o+yNCwBqzo63se/A4Zf2okPzUrzvOHNEhv26AbgSe7XWD6+5ulCtfA3wGcf7imofT8vjtk/KmR/NSU9Pejrs8wtRTw1hx48w6ufSk+3x/Of1fny1Fn8QKfVbEOwCLjT43kpwYf9K04Ry/2CBeWMbclfPOs6O9vu/dK9ZlClmsq7lW+X1iR/NSs+x2/Kb/uHac611B3kOuVsfP8IfnsitzBkpbWHmT8qZH81Kyo8++5MTYUqm/QS08+pfU3fNv6+y0AY/WZvvzwNQ/X25Hxp0byU4Px/ck4f8W+/Mp4rP7hBTPrj/x7rfspp831g8eLx//PvMj4UyP5qVln/Ktj/pk8qSXm/1lBYkx/f8bneY90QOW/m/sJS2skw+8i40+N5KfG3d+PAlXT5y3kqo4xoHIZPWcNrVv6VSyd4EdHfcSyzoKMPzWSn5p1xr+iDmCqxrBz/BjxHj8vwP23KxTR0CsPycejzk90IeNPjeSnJu77UYa6yCmO1OgFBp9dE6xb+l1xxQCq+/urzycwgn2ujD81kp+a1cb/jg3+O3+eLpBwMeBnyF8UG4ATyNPM/laQjD81kp+a1cY/41+9vfgQY1ux7y+tJVwt/1umavSubDtf6Cv6byHjT43kp+bzjH9RXD1jh133Jg0+NpfR2t/vGrbBv87uufPk5y/jT43kp2bst3xQB6iIBz445m90YKjzAEqPUazo64N8DWT8qZH81Jx9v/gfo28/NZKfGslPjeSnRvJTI/mpkfzUSH5qJD81kp+afwF5GTqK65m4GAAAAABJRU5ErkJggg=='),
('TICKET026', 'USER006', N'Lễ hội ánh sáng', 150000.0, N'80 Lê Văn Sỹ, Phú Nhuận, TP. Hồ Chí Minh', '2024-11-26', GETDATE(), GETDATE(), 1, 'TICKET026', N'Lễ hội ánh sáng với các màn trình diễn nghệ thuật đặc sắc.', 'iVBORw0KGgoAAAANSUhEUgAAAKoAAACqCAIAAACyFEPVAAAACXBIWXMAAA7EAAAOxAGVKw4bAAAGH0lEQVR4nO2d2XLrOAxE46n7/7+ceUvpZiwRS2PxdJ/HlERR7hggsdCv7+/vL8HKP9MTEJNIfmokPzWSnxrJT43kp0byUyP5qZH81Eh+av4cr3i9XhUPPgabfz335/rAfMKBbeMcXOMD3+vIcWL69lMj+amR/NScfX81GT8ae0TdOA8X7Eysu+VHLaPCXCdQtCx9+zjUv6nxxp7PWcafGslPTdz3G40M3Oc1GHzL49qmUfo5zy/97uYdeJ+jn/Z+lKhx1iLjT43kp2be+AMNadv+HjjgrIOYlz+Jyx8H/ofe3vIQe9jv76/I+FMj+an5eONv4WqfvcY5fG9zfCLGvPxeP2qJE3R+9Jn4xDgy/tRIfmrmjb/FUAP3zZl1wHHAqTmEicu/x4H9l7u5oWIDAcIlnaWfs4w/NZKfGrfx79xTuZ4VSM6+9cEVtf0Bej7n+aXfL1C5du/4KKrHxyLjT43kp2ad8Z+qrfM+d7wGEMJZ/uo1TiBWvy3kAFkejryUjD81kp+a8v7+bRuhbXELSOwh7HTWLf2uwOv4As+qCPvs+UrI+FMj+alZbfw799bhZyXz/cmhnsc5eijMvh9VG28p60Ad7dQc84fkMuB1jjL+1Eh+alL7fktN1YZNzoa9fmYOrtiAC8zSr6jG3ruGgIzfsL+3jNnztZHxp0byU/Pynq07xYY1hJfqDa19AnfEz/ULvFL1/hv1XNRZQG8nELimLh8h40+N5KemNeY/Va+3eRxLv1+43hDv+39oqE0r3R9n+gAfboeQzI/YkfGnRvJTk+rx60ykZijtp19yxnCM1qWfK2bgvQCVC0iOA3lH43zyXz8Zf2okPzUp4+/1qcljfN6SOdsnM453/PzF8Nu/Knx/pmcPta5J7umP4wRADaV9v4Ah+alZXefvIhkcda0JUIV7/bf/IiV/eI/uXX9V1N9Z5tMwpqveEJ6PkPGnRvJTA9v3X8n43eqavopYheXiil7B41CFPX7bjn3I5AKazxfaczaRjD81kp8an++v8E8N97p6EYvmgLoXy4p8/7GX78pgLt/7iMyzXHWO4WfJ+FMj+ak59/j9dXWv04Ib0j1O9whkzuA6/4A/Lt3fF8UewvvyqfqGMDL+1Eh+atz9/VOGC3Kw28cZ5ySFPX53T8r0/VfnEab2/VcazkVQvl+YkPzUwIx/RQ0/ag7e50LmGRjEMn9XjUKf778DEucPjO+69wr8/JzNyPhTI/mpGavz99b3VRjbzLk6U3TX+Wf88d0fK9IYxvHha4VBlO8XKSQ/Ne7z/L218aiALqovv6JGbypHkD+zaGzpV7o+yNCwBqzo63se/A4Zf2okPzUrzvOHNEhv26AbgSe7XWD6+5ulCtfA3wGcf7imofT8vjtk/KmR/NSU9Pejrs8wtRTw1hx48w6ufSk+3x/Of1fny1Fn8QKfVbEOwCLjT43kpwYf9K04Ry/2CBeWMbclfPOs6O9vu/dK9ZlClmsq7lW+X1iR/NSs+x2/Kb/uHac611B3kOuVsfP8IfnsitzBkpbWHmT8qZH81Kyo8++5MTYUqm/QS08+pfU3fNv6+y0AY/WZvvzwNQ/X25Hxp0byU4Px/ck4f8W+/Mp4rP7hBTPrj/x7rfspp831g8eLx//PvMj4UyP5qVln/Ktj/pk8qSXm/1lBYkx/f8bneY90QOW/m/sJS2skw+8i40+N5KfG3d+PAlXT5y3kqo4xoHIZPWcNrVv6VSyd4EdHfcSyzoKMPzWSn5p1xr+iDmCqxrBz/BjxHj8vwP23KxTR0CsPycejzk90IeNPjeSnJu77UYa6yCmO1OgFBp9dE6xb+l1xxQCq+/urzycwgn2ujD81kp+a1cb/jg3+O3+eLpBwMeBnyF8UG4ATyNPM/laQjD81kp+a1cY/41+9vfgQY1ux7y+tJVwt/1umavSubDtf6Cv6byHjT43kp+bzjH9RXD1jh133Jg0+NpfR2t/vGrbBv87uufPk5y/jT43kp2bst3xQB6iIBz445m90YKjzAEqPUazo64N8DWT8qZH81Jx9v/gfo28/NZKfGslPjeSnRvJTI/mpkfzUSH5qJD81kp+afwF5GTqK65m4GAAAAABJRU5ErkJggg=='),
('TICKET027', 'USER007', N'Chương trình hài kịch trẻ', 55000.0, N'9 Trần Đình Xu, Quận 1, TP. Hồ Chí Minh', '2024-11-27', GETDATE(), GETDATE(), 1, 'TICKET027', N'Chương trình hài kịch trẻ với các nghệ sĩ trẻ tài năng.', 'iVBORw0KGgoAAAANSUhEUgAAAKoAAACqCAIAAACyFEPVAAAACXBIWXMAAA7EAAAOxAGVKw4bAAAGH0lEQVR4nO2d2XLrOAxE46n7/7+ceUvpZiwRS2PxdJ/HlERR7hggsdCv7+/vL8HKP9MTEJNIfmokPzWSnxrJT43kp0byUyP5qZH81Eh+av4cr3i9XhUPPgabfz335/rAfMKBbeMcXOMD3+vIcWL69lMj+amR/NScfX81GT8ae0TdOA8X7Eysu+VHLaPCXCdQtCx9+zjUv6nxxp7PWcafGslPTdz3G40M3Oc1GHzL49qmUfo5zy/97uYdeJ+jn/Z+lKhx1iLjT43kp2be+AMNadv+HjjgrIOYlz+Jyx8H/ofe3vIQe9jv76/I+FMj+an5eONv4WqfvcY5fG9zfCLGvPxeP2qJE3R+9Jn4xDgy/tRIfmrmjb/FUAP3zZl1wHHAqTmEicu/x4H9l7u5oWIDAcIlnaWfs4w/NZKfGrfx79xTuZ4VSM6+9cEVtf0Bej7n+aXfL1C5du/4KKrHxyLjT43kp2ad8Z+qrfM+d7wGEMJZ/uo1TiBWvy3kAFkejryUjD81kp+a8v7+bRuhbXELSOwh7HTWLf2uwOv4As+qCPvs+UrI+FMj+alZbfw799bhZyXz/cmhnsc5eijMvh9VG28p60Ad7dQc84fkMuB1jjL+1Eh+alL7fktN1YZNzoa9fmYOrtiAC8zSr6jG3ruGgIzfsL+3jNnztZHxp0byU/Pynq07xYY1hJfqDa19AnfEz/ULvFL1/hv1XNRZQG8nELimLh8h40+N5KemNeY/Va+3eRxLv1+43hDv+39oqE0r3R9n+gAfboeQzI/YkfGnRvJTk+rx60ykZijtp19yxnCM1qWfK2bgvQCVC0iOA3lH43zyXz8Zf2okPzUp4+/1qcljfN6SOdsnM453/PzF8Nu/Knx/pmcPta5J7umP4wRADaV9v4Ah+alZXefvIhkcda0JUIV7/bf/IiV/eI/uXX9V1N9Z5tMwpqveEJ6PkPGnRvJTA9v3X8n43eqavopYheXiil7B41CFPX7bjn3I5AKazxfaczaRjD81kp8an++v8E8N97p6EYvmgLoXy4p8/7GX78pgLt/7iMyzXHWO4WfJ+FMj+ak59/j9dXWv04Ib0j1O9whkzuA6/4A/Lt3fF8UewvvyqfqGMDL+1Eh+atz9/VOGC3Kw28cZ5ySFPX53T8r0/VfnEab2/VcazkVQvl+YkPzUwIx/RQ0/ag7e50LmGRjEMn9XjUKf778DEucPjO+69wr8/JzNyPhTI/mpGavz99b3VRjbzLk6U3TX+Wf88d0fK9IYxvHha4VBlO8XKSQ/Ne7z/L218aiALqovv6JGbypHkD+zaGzpV7o+yNCwBqzo63se/A4Zf2okPzUrzvOHNEhv26AbgSe7XWD6+5ulCtfA3wGcf7imofT8vjtk/KmR/NSU9Pejrs8wtRTw1hx48w6ufSk+3x/Of1fny1Fn8QKfVbEOwCLjT43kpwYf9K04Ry/2CBeWMbclfPOs6O9vu/dK9ZlClmsq7lW+X1iR/NSs+x2/Kb/uHac611B3kOuVsfP8IfnsitzBkpbWHmT8qZH81Kyo8++5MTYUqm/QS08+pfU3fNv6+y0AY/WZvvzwNQ/X25Hxp0byU4Px/ck4f8W+/Mp4rP7hBTPrj/x7rfspp831g8eLx//PvMj4UyP5qVln/Ktj/pk8qSXm/1lBYkx/f8bneY90QOW/m/sJS2skw+8i40+N5KfG3d+PAlXT5y3kqo4xoHIZPWcNrVv6VSyd4EdHfcSyzoKMPzWSn5p1xr+iDmCqxrBz/BjxHj8vwP23KxTR0CsPycejzk90IeNPjeSnJu77UYa6yCmO1OgFBp9dE6xb+l1xxQCq+/urzycwgn2ujD81kp+a1cb/jg3+O3+eLpBwMeBnyF8UG4ATyNPM/laQjD81kp+a1cY/41+9vfgQY1ux7y+tJVwt/1umavSubDtf6Cv6byHjT43kp+bzjH9RXD1jh133Jg0+NpfR2t/vGrbBv87uufPk5y/jT43kp2bst3xQB6iIBz445m90YKjzAEqPUazo64N8DWT8qZH81Jx9v/gfo28/NZKfGslPjeSnRvJTI/mpkfzUSH5qJD81kp+afwF5GTqK65m4GAAAAABJRU5ErkJggg=='),
('TICKET028', 'USER007', N'Hội chợ ẩm thực đường phố', 45000.0, N'14 Trần Nhân Tông, Hai Bà Trưng, Hà Nội', '2024-11-28', GETDATE(), GETDATE(), 1, 'TICKET028', N'Hội chợ ẩm thực với nhiều món ăn đặc sắc từ khắp nơi.', 'iVBORw0KGgoAAAANSUhEUgAAAKoAAACqCAIAAACyFEPVAAAACXBIWXMAAA7EAAAOxAGVKw4bAAAGH0lEQVR4nO2d2XLrOAxE46n7/7+ceUvpZiwRS2PxdJ/HlERR7hggsdCv7+/vL8HKP9MTEJNIfmokPzWSnxrJT43kp0byUyP5qZH81Eh+av4cr3i9XhUPPgabfz335/rAfMKBbeMcXOMD3+vIcWL69lMj+amR/NScfX81GT8ae0TdOA8X7Eysu+VHLaPCXCdQtCx9+zjUv6nxxp7PWcafGslPTdz3G40M3Oc1GHzL49qmUfo5zy/97uYdeJ+jn/Z+lKhx1iLjT43kp2be+AMNadv+HjjgrIOYlz+Jyx8H/ofe3vIQe9jv76/I+FMj+an5eONv4WqfvcY5fG9zfCLGvPxeP2qJE3R+9Jn4xDgy/tRIfmrmjb/FUAP3zZl1wHHAqTmEicu/x4H9l7u5oWIDAcIlnaWfs4w/NZKfGrfx79xTuZ4VSM6+9cEVtf0Bej7n+aXfL1C5du/4KKrHxyLjT43kp2ad8Z+qrfM+d7wGEMJZ/uo1TiBWvy3kAFkejryUjD81kp+a8v7+bRuhbXELSOwh7HTWLf2uwOv4As+qCPvs+UrI+FMj+alZbfw799bhZyXz/cmhnsc5eijMvh9VG28p60Ad7dQc84fkMuB1jjL+1Eh+alL7fktN1YZNzoa9fmYOrtiAC8zSr6jG3ruGgIzfsL+3jNnztZHxp0byU/Pynq07xYY1hJfqDa19AnfEz/ULvFL1/hv1XNRZQG8nELimLh8h40+N5KemNeY/Va+3eRxLv1+43hDv+39oqE0r3R9n+gAfboeQzI/YkfGnRvJTk+rx60ykZijtp19yxnCM1qWfK2bgvQCVC0iOA3lH43zyXz8Zf2okPzUp4+/1qcljfN6SOdsnM453/PzF8Nu/Knx/pmcPta5J7umP4wRADaV9v4Ah+alZXefvIhkcda0JUIV7/bf/IiV/eI/uXX9V1N9Z5tMwpqveEJ6PkPGnRvJTA9v3X8n43eqavopYheXiil7B41CFPX7bjn3I5AKazxfaczaRjD81kp8an++v8E8N97p6EYvmgLoXy4p8/7GX78pgLt/7iMyzXHWO4WfJ+FMj+ak59/j9dXWv04Ib0j1O9whkzuA6/4A/Lt3fF8UewvvyqfqGMDL+1Eh+atz9/VOGC3Kw28cZ5ySFPX53T8r0/VfnEab2/VcazkVQvl+YkPzUwIx/RQ0/ag7e50LmGRjEMn9XjUKf778DEucPjO+69wr8/JzNyPhTI/mpGavz99b3VRjbzLk6U3TX+Wf88d0fK9IYxvHha4VBlO8XKSQ/Ne7z/L218aiALqovv6JGbypHkD+zaGzpV7o+yNCwBqzo63se/A4Zf2okPzUrzvOHNEhv26AbgSe7XWD6+5ulCtfA3wGcf7imofT8vjtk/KmR/NSU9Pejrs8wtRTw1hx48w6ufSk+3x/Of1fny1Fn8QKfVbEOwCLjT43kpwYf9K04Ry/2CBeWMbclfPOs6O9vu/dK9ZlClmsq7lW+X1iR/NSs+x2/Kb/uHac611B3kOuVsfP8IfnsitzBkpbWHmT8qZH81Kyo8++5MTYUqm/QS08+pfU3fNv6+y0AY/WZvvzwNQ/X25Hxp0byU4Px/ck4f8W+/Mp4rP7hBTPrj/x7rfspp831g8eLx//PvMj4UyP5qVln/Ktj/pk8qSXm/1lBYkx/f8bneY90QOW/m/sJS2skw+8i40+N5KfG3d+PAlXT5y3kqo4xoHIZPWcNrVv6VSyd4EdHfcSyzoKMPzWSn5p1xr+iDmCqxrBz/BjxHj8vwP23KxTR0CsPycejzk90IeNPjeSnJu77UYa6yCmO1OgFBp9dE6xb+l1xxQCq+/urzycwgn2ujD81kp+a1cb/jg3+O3+eLpBwMeBnyF8UG4ATyNPM/laQjD81kp+a1cY/41+9vfgQY1ux7y+tJVwt/1umavSubDtf6Cv6byHjT43kp+bzjH9RXD1jh133Jg0+NpfR2t/vGrbBv87uufPk5y/jT43kp2bst3xQB6iIBz445m90YKjzAEqPUazo64N8DWT8qZH81Jx9v/gfo28/NZKfGslPjeSnRvJTI/mpkfzUSH5qJD81kp+afwF5GTqK65m4GAAAAABJRU5ErkJggg=='),
('TICKET029', 'USER008', N'Chương trình xiếc thú', 110000.0, N'32 Lê Thánh Tôn, Quận 1, TP. Hồ Chí Minh', '2024-11-29', GETDATE(), GETDATE(), 1, 'TICKET029', N'Chương trình xiếc thú vui nhộn dành cho trẻ em.', 'iVBORw0KGgoAAAANSUhEUgAAAKoAAACqCAIAAACyFEPVAAAACXBIWXMAAA7EAAAOxAGVKw4bAAAGH0lEQVR4nO2d2XLrOAxE46n7/7+ceUvpZiwRS2PxdJ/HlERR7hggsdCv7+/vL8HKP9MTEJNIfmokPzWSnxrJT43kp0byUyP5qZH81Eh+av4cr3i9XhUPPgabfz335/rAfMKBbeMcXOMD3+vIcWL69lMj+amR/NScfX81GT8ae0TdOA8X7Eysu+VHLaPCXCdQtCx9+zjUv6nxxp7PWcafGslPTdz3G40M3Oc1GHzL49qmUfo5zy/97uYdeJ+jn/Z+lKhx1iLjT43kp2be+AMNadv+HjjgrIOYlz+Jyx8H/ofe3vIQe9jv76/I+FMj+an5eONv4WqfvcY5fG9zfCLGvPxeP2qJE3R+9Jn4xDgy/tRIfmrmjb/FUAP3zZl1wHHAqTmEicu/x4H9l7u5oWIDAcIlnaWfs4w/NZKfGrfx79xTuZ4VSM6+9cEVtf0Bej7n+aXfL1C5du/4KKrHxyLjT43kp2ad8Z+qrfM+d7wGEMJZ/uo1TiBWvy3kAFkejryUjD81kp+a8v7+bRuhbXELSOwh7HTWLf2uwOv4As+qCPvs+UrI+FMj+alZbfw799bhZyXz/cmhnsc5eijMvh9VG28p60Ad7dQc84fkMuB1jjL+1Eh+alL7fktN1YZNzoa9fmYOrtiAC8zSr6jG3ruGgIzfsL+3jNnztZHxp0byU/Pynq07xYY1hJfqDa19AnfEz/ULvFL1/hv1XNRZQG8nELimLh8h40+N5KemNeY/Va+3eRxLv1+43hDv+39oqE0r3R9n+gAfboeQzI/YkfGnRvJTk+rx60ykZijtp19yxnCM1qWfK2bgvQCVC0iOA3lH43zyXz8Zf2okPzUp4+/1qcljfN6SOdsnM453/PzF8Nu/Knx/pmcPta5J7umP4wRADaV9v4Ah+alZXefvIhkcda0JUIV7/bf/IiV/eI/uXX9V1N9Z5tMwpqveEJ6PkPGnRvJTA9v3X8n43eqavopYheXiil7B41CFPX7bjn3I5AKazxfaczaRjD81kp8an++v8E8N97p6EYvmgLoXy4p8/7GX78pgLt/7iMyzXHWO4WfJ+FMj+ak59/j9dXWv04Ib0j1O9whkzuA6/4A/Lt3fF8UewvvyqfqGMDL+1Eh+atz9/VOGC3Kw28cZ5ySFPX53T8r0/VfnEab2/VcazkVQvl+YkPzUwIx/RQ0/ag7e50LmGRjEMn9XjUKf778DEucPjO+69wr8/JzNyPhTI/mpGavz99b3VRjbzLk6U3TX+Wf88d0fK9IYxvHha4VBlO8XKSQ/Ne7z/L218aiALqovv6JGbypHkD+zaGzpV7o+yNCwBqzo63se/A4Zf2okPzUrzvOHNEhv26AbgSe7XWD6+5ulCtfA3wGcf7imofT8vjtk/KmR/NSU9Pejrs8wtRTw1hx48w6ufSk+3x/Of1fny1Fn8QKfVbEOwCLjT43kpwYf9K04Ry/2CBeWMbclfPOs6O9vu/dK9ZlClmsq7lW+X1iR/NSs+x2/Kb/uHac611B3kOuVsfP8IfnsitzBkpbWHmT8qZH81Kyo8++5MTYUqm/QS08+pfU3fNv6+y0AY/WZvvzwNQ/X25Hxp0byU4Px/ck4f8W+/Mp4rP7hBTPrj/x7rfspp831g8eLx//PvMj4UyP5qVln/Ktj/pk8qSXm/1lBYkx/f8bneY90QOW/m/sJS2skw+8i40+N5KfG3d+PAlXT5y3kqo4xoHIZPWcNrVv6VSyd4EdHfcSyzoKMPzWSn5p1xr+iDmCqxrBz/BjxHj8vwP23KxTR0CsPycejzk90IeNPjeSnJu77UYa6yCmO1OgFBp9dE6xb+l1xxQCq+/urzycwgn2ujD81kp+a1cb/jg3+O3+eLpBwMeBnyF8UG4ATyNPM/laQjD81kp+a1cY/41+9vfgQY1ux7y+tJVwt/1umavSubDtf6Cv6byHjT43kp+bzjH9RXD1jh133Jg0+NpfR2t/vGrbBv87uufPk5y/jT43kp2bst3xQB6iIBz445m90YKjzAEqPUazo64N8DWT8qZH81Jx9v/gfo28/NZKfGslPjeSnRvJTI/mpkfzUSH5qJD81kp+afwF5GTqK65m4GAAAAABJRU5ErkJggg=='),
('TICKET030', 'USER008', N'Chương trình biểu diễn nghệ thuật đường phố', 50000.0, N'10 Nguyễn Huệ, Quận 1, TP. Hồ Chí Minh', '2024-11-30', GETDATE(), GETDATE(), 1, 'TICKET030', N'Chương trình biểu diễn nghệ thuật đường phố tại Phố đi bộ Nguyễn Huệ.', 'iVBORw0KGgoAAAANSUhEUgAAAKoAAACqCAIAAACyFEPVAAAACXBIWXMAAA7EAAAOxAGVKw4bAAAGH0lEQVR4nO2d2XLrOAxE46n7/7+ceUvpZiwRS2PxdJ/HlERR7hggsdCv7+/vL8HKP9MTEJNIfmokPzWSnxrJT43kp0byUyP5qZH81Eh+av4cr3i9XhUPPgabfz335/rAfMKBbeMcXOMD3+vIcWL69lMj+amR/NScfX81GT8ae0TdOA8X7Eysu+VHLaPCXCdQtCx9+zjUv6nxxp7PWcafGslPTdz3G40M3Oc1GHzL49qmUfo5zy/97uYdeJ+jn/Z+lKhx1iLjT43kp2be+AMNadv+HjjgrIOYlz+Jyx8H/ofe3vIQe9jv76/I+FMj+an5eONv4WqfvcY5fG9zfCLGvPxeP2qJE3R+9Jn4xDgy/tRIfmrmjb/FUAP3zZl1wHHAqTmEicu/x4H9l7u5oWIDAcIlnaWfs4w/NZKfGrfx79xTuZ4VSM6+9cEVtf0Bej7n+aXfL1C5du/4KKrHxyLjT43kp2ad8Z+qrfM+d7wGEMJZ/uo1TiBWvy3kAFkejryUjD81kp+a8v7+bRuhbXELSOwh7HTWLf2uwOv4As+qCPvs+UrI+FMj+alZbfw799bhZyXz/cmhnsc5eijMvh9VG28p60Ad7dQc84fkMuB1jjL+1Eh+alL7fktN1YZNzoa9fmYOrtiAC8zSr6jG3ruGgIzfsL+3jNnztZHxp0byU/Pynq07xYY1hJfqDa19AnfEz/ULvFL1/hv1XNRZQG8nELimLh8h40+N5KemNeY/Va+3eRxLv1+43hDv+39oqE0r3R9n+gAfboeQzI/YkfGnRvJTk+rx60ykZijtp19yxnCM1qWfK2bgvQCVC0iOA3lH43zyXz8Zf2okPzUp4+/1qcljfN6SOdsnM453/PzF8Nu/Knx/pmcPta5J7umP4wRADaV9v4Ah+alZXefvIhkcda0JUIV7/bf/IiV/eI/uXX9V1N9Z5tMwpqveEJ6PkPGnRvJTA9v3X8n43eqavopYheXiil7B41CFPX7bjn3I5AKazxfaczaRjD81kp8an++v8E8N97p6EYvmgLoXy4p8/7GX78pgLt/7iMyzXHWO4WfJ+FMj+ak59/j9dXWv04Ib0j1O9whkzuA6/4A/Lt3fF8UewvvyqfqGMDL+1Eh+atz9/VOGC3Kw28cZ5ySFPX53T8r0/VfnEab2/VcazkVQvl+YkPzUwIx/RQ0/ag7e50LmGRjEMn9XjUKf778DEucPjO+69wr8/JzNyPhTI/mpGavz99b3VRjbzLk6U3TX+Wf88d0fK9IYxvHha4VBlO8XKSQ/Ne7z/L218aiALqovv6JGbypHkD+zaGzpV7o+yNCwBqzo63se/A4Zf2okPzUrzvOHNEhv26AbgSe7XWD6+5ulCtfA3wGcf7imofT8vjtk/KmR/NSU9Pejrs8wtRTw1hx48w6ufSk+3x/Of1fny1Fn8QKfVbEOwCLjT43kpwYf9K04Ry/2CBeWMbclfPOs6O9vu/dK9ZlClmsq7lW+X1iR/NSs+x2/Kb/uHac611B3kOuVsfP8IfnsitzBkpbWHmT8qZH81Kyo8++5MTYUqm/QS08+pfU3fNv6+y0AY/WZvvzwNQ/X25Hxp0byU4Px/ck4f8W+/Mp4rP7hBTPrj/x7rfspp831g8eLx//PvMj4UyP5qVln/Ktj/pk8qSXm/1lBYkx/f8bneY90QOW/m/sJS2skw+8i40+N5KfG3d+PAlXT5y3kqo4xoHIZPWcNrVv6VSyd4EdHfcSyzoKMPzWSn5p1xr+iDmCqxrBz/BjxHj8vwP23KxTR0CsPycejzk90IeNPjeSnJu77UYa6yCmO1OgFBp9dE6xb+l1xxQCq+/urzycwgn2ujD81kp+a1cb/jg3+O3+eLpBwMeBnyF8UG4ATyNPM/laQjD81kp+a1cY/41+9vfgQY1ux7y+tJVwt/1umavSubDtf6Cv6byHjT43kp+bzjH9RXD1jh133Jg0+NpfR2t/vGrbBv87uufPk5y/jT43kp2bst3xQB6iIBz445m90YKjzAEqPUazo64N8DWT8qZH81Jx9v/gfo28/NZKfGslPjeSnRvJTI/mpkfzUSH5qJD81kp+afwF5GTqK65m4GAAAAABJRU5ErkJggg==');


-- Inserting sample data into the [Order] table
INSERT INTO [Order] (
    [OrderId], 
    [BuyerId], 
    [Total], 
    [Date], 
    [Status]
)
VALUES
-- Orders for USER001
('ORD001', 'USER001', 120.50, '2024-09-01 10:15:00', 1),
('ORD002', 'USER001', 250.00, '2024-09-05 12:30:00', 0),
('ORD003', 'USER001', 90.75, '2024-09-10 14:00:00', 0),

-- Orders for USER002
('ORD004', 'USER002', 300.99, '2024-09-01 09:30:00', 0),
('ORD005', 'USER002', 150.25, '2024-09-05 10:45:00', 1),

-- Orders for USER003
('ORD006', 'USER003', 80.00, '2024-09-02 08:15:00', 1),
('ORD007', 'USER003', 200.00, '2024-09-08 16:00:00', 0),

-- Orders for USER004
('ORD008', 'USER004', 175.75, '2024-09-03 13:00:00', 1),
('ORD009', 'USER004', 320.50, '2024-09-09 18:00:00', 0),

-- Orders for USER005
('ORD010', 'USER005', 215.00, '2024-09-02 11:30:00', 0),
('ORD011', 'USER005', 130.00, '2024-09-06 12:00:00', 1),

-- Orders for USER006
('ORD012', 'USER006', 400.99, '2024-09-04 17:45:00', 1),
('ORD013', 'USER006', 260.75, '2024-09-10 14:30:00', 0),

-- Orders for USER007
('ORD014', 'USER007', 190.00, '2024-09-05 12:15:00', 0),
('ORD015', 'USER007', 275.50, '2024-09-07 13:30:00', 1),

-- Orders for USER008
('ORD016', 'USER008', 300.25, '2024-09-04 09:45:00', 0),
('ORD017', 'USER008', 125.75, '2024-09-08 14:30:00', 1),

-- Orders for USER009
('ORD018', 'USER009', 180.00, '2024-09-01 15:30:00', 1),
('ORD019', 'USER009', 200.50, '2024-09-06 10:30:00', 0),

-- Orders for USER010
('ORD020', 'USER010', 240.00, '2024-09-02 18:00:00', 0),
('ORD021', 'USER010', 175.25, '2024-09-09 12:15:00', 1);

-- Inserting sample data into the [OrderDetail] table using TicketId and OrderId
INSERT INTO [OrderDetail] (
    [OrderDetailId], 
    [OrderId], 
    [TicketId], 
    [Price], 
    [Quantity]
)
VALUES
-- Order Details for ORD001
('OD001', 'ORD001', 'TICKET001', 100.0, 2),
('OD002', 'ORD001', 'TICKET002', 150.0, 1),

-- Order Details for ORD002
('OD003', 'ORD002', 'TICKET004', 75.0, 3),

-- Order Details for ORD003
('OD004', 'ORD003', 'TICKET007', 250.0, 1),

-- Order Details for ORD004
('OD005', 'ORD004', 'TICKET006', 180.0, 1),

-- Order Details for ORD005
('OD006', 'ORD005', 'TICKET009', 175.0, 2),
('OD007', 'ORD005', 'TICKET010', 200.0, 1),

-- Order Details for ORD006
('OD008', 'ORD006', 'TICKET011', 300.0, 1),

-- Order Details for ORD007
('OD009', 'ORD007', 'TICKET013', 220.0, 2),

-- Order Details for ORD008
('OD010', 'ORD008', 'TICKET014', 190.0, 1),
('OD011', 'ORD008', 'TICKET015', 270.0, 1),

-- Order Details for ORD009
('OD012', 'ORD009', 'TICKET017', 240.0, 1),

-- Order Details for ORD010
('OD013', 'ORD010', 'TICKET019', 280.0, 2),

-- Order Details for ORD011
('OD014', 'ORD011', 'TICKET020', 70.0, 3),

-- Order Details for ORD012
('OD015', 'ORD012', 'TICKET028', 225.0, 1),

-- Order Details for ORD013
('OD016', 'ORD013', 'TICKET030', 155.0, 1);

USE [TicketResellManagement]
GO

INSERT INTO [dbo].[TicketCategory] ([TicketId], [CategoryId])
VALUES
('TICKET001', 'CAT001'),
('TICKET002', 'CAT002'),
('TICKET003', 'CAT003'),
('TICKET004', 'CAT004'),
('TICKET005', 'CAT005'),
('TICKET006', 'CAT005'),
('TICKET007', 'CAT005'),
('TICKET010', 'CAT005'),
('TICKET005', 'CAT004'),
('TICKET002', 'CAT004'),
('TICKET004', 'CAT001'),
('TICKET005', 'CAT002'),
('TICKET005', 'CAT003')
GO













