-- Inserting sample data into Role table
INSERT INTO [Role] (
    [RoleId], 
    [Rolename], 
    [Description]
)
VALUES
('RO1', 'Buyer', 'Administrator with full system access and permissions'),
('RO2', 'Staff', 'Staff member responsible for managing operations'),
('RO3', 'Seller', 'User with permissions to browse and purchase products'),
('RO4', 'Admin', 'User with permissions to list and sell products');

-- Inserting 10 sample records into SellConfig table
INSERT INTO [SellConfig] (
    [SellConfigId], 
    [Commision]
)
VALUES
('SELLCONFIG001', 1.2), 
('SELLCONFIG002', 1.0), 
('SELLCONFIG003', 0.8), 
('SELLCONFIG004', 3.5), 
('SELLCONFIG005', 5.5), 
('SELLCONFIG006', 4.0), 
('SELLCONFIG007', 6.5), 
('SELLCONFIG008', 3.0), 
('SELLCONFIG009', 7.0), 
('SELLCONFIG010', 4.8);


INSERT INTO [User] (
    [UserId], 
    [SellConfigId], 
    [Username], 
    [Password], 
    [Status], 
    [CreateDate], 
    [Gmail], 
    [Fullname], 
    [Sex], 
    [Phone], 
    [Address], 
    [Avatar], 
    [Birthday], 
    [Bio], 
    [Verify], 
    [Bank], 
    [BankType], 
    [SellAddress], 
    [Cccd]
)
VALUES
('USER001', 'SELLCONFIG009', N'Nguyễn Chí Cường', 'password123', 1, GETDATE(), 'cuongdola@personal.example.com', N'Nguyễn Chí Cường', N'Nam', '0901234567', N'Hà Nội, Việt Nam', 'USER009', '1990-05-12', N'Bio của Hoàng Trọng, một người yêu công nghệ và du lịch.', 1, N'Ngân hàng Techcombank', 'Savings', N'Hà Nội', 'CCCD009'),

('USER002', 'SELLCONFIG010', 'Giap Cao', 'password123', 1, GETDATE(), 'giap@personal.example.com', N'Cao Đình Giáp', N'Nam', '0902345678', N'TP.HCM, Việt Nam', 'USER010', '1992-08-15', N'Bio của Lê Huyền, thích đọc sách và nấu ăn.', 1, N'Ngân hàng Vietcombank', 'Checking', 'TP.HCM', 'CCCD010'),

('USER003', 'SELLCONFIG001', 'Do Vinh', 'password123', 1, GETDATE(), 'vinhseller@personal.example.com', N'Đỗ Khắc Phú Vinh', N'Nam', '0903456789', N'Đà Nẵng, Việt Nam', 'USER011', '1993-02-20', N'Bio của Nguyễn Tuấn Anh, đam mê thể thao và du lịch.', 1, N'Ngân hàng BIDV', 'Savings', N'Đà Nẵng', 'CCCD011'),

('USER004', 'SELLCONFIG002', 'Khang Huynh', 'password123', 1, GETDATE(), 'khangseller@personal.example.com', N'Huỳnh Vương Khang', N'Nam', '0904567890', N'Hải Phòng, Việt Nam', 'USER012', '1994-04-25', N'Bio của Nguyễn Thùy Dương, yêu thích nghệ thuật và du lịch.', 1, N'Ngân hàng Agribank', 'Checking', N'Hải Phòng', 'CCCD012'),

('USER005', 'SELLCONFIG003', 'Le Quang', 'password123', 1, GETDATE(), 'khongphaiquang@personal.example.com', N'Lê Minh Quang', N'Nam', '0905678901', N'Nha Trang, Việt Nam', 'USER013', '1995-07-30', N'Bio của Trần Minh Chiếu, thích khám phá ẩm thực.', 1, N'Ngân hàng MB Bank', 'Savings', N'Nha Trang', 'CCCD013'),

('USER006', 'SELLCONFIG004', 'ngoclan@gmail.com', 'password123', 1, GETDATE(), 'ngoclan@gmail.com', N'Nguyễn Ngọc Lan', N'Nữ', '0906789012', N'Cần Thơ, Việt Nam', 'USER014', '1996-10-10', N'Bio của Nguyễn Ngọc Lan, thích yoga và phim ảnh.', 1, N'Ngân hàng Vietinbank', 'Checking', N'Cần Thơ', 'CCCD014'),

('USER007', 'SELLCONFIG005', 'quanghieu@gmail.com', 'password123', 1, GETDATE(), 'quanghieu@gmail.com', N'Nguyễn Quang Hiếu', N'Nam', '0907890123', N'Quảng Ninh, Việt Nam', 'USER015', '1997-12-05', N'Bio của Nguyễn Quang Hiếu, yêu thích nhiếp ảnh.', 1, N'Ngân hàng Sacombank', 'Savings', N'Quảng Ninh', 'CCCD015'),

('USER008', 'SELLCONFIG006', 'kimthanh@gmail.com', 'password123', 1, GETDATE(), 'kimthanh@gmail.com', N'Lê Kim Thành', N'Nữ', '0908901234', N'Huế, Việt Nam', 'USER016', '1998-03-18', N'Bio của Lê Kim Thành, yêu thích thời trang.', 1, N'Ngân hàng VPBank', 'Checking', N'Huế', 'CCCD016'),

('USER009', 'SELLCONFIG007', 'phucduong@gmail.com', 'password123', 1, GETDATE(), 'phucduong@gmail.com', N'Trần Phúc Đường', N'Nam', '0909012345', N'Vinh, Việt Nam', 'USER017', '1999-06-22', N'Bio của Trần Phúc Đường, đam mê âm nhạc.', 1, N'Ngân hàng OceanBank', 'Savings', N'Vinh', 'CCCD017'),

('USER010', 'SELLCONFIG008', 'anhkhoa@gmail.com', 'password123', 1, GETDATE(), 'anhkhoa@gmail.com', N'Nguyễn Anh Khoa', N'Nam', '0900123456', N'Phú Quốc, Việt Nam', 'USER018', '1991-11-11', N'Bio của Nguyễn Anh Khoa, thích công nghệ và thể thao.', 1, N'Ngân hàng Sacombank', 'Checking', N'Phú Quốc', 'CCCD018');




-- Chèn 10 bản ghi mẫu vào bảng Category
INSERT INTO [Category] (
    [CategoryId], 
    [Name], 
    [Description]
)
VALUES
('CAT001', N'Âm nhạc', N'Tất cả các thể loại sự kiện âm nhạc và hòa nhạc.'),
('CAT002', N'Thể thao', N'Các sự kiện thể thao khác nhau bao gồm bóng đá, bóng rổ và nhiều hơn nữa.'),
('CAT003', N'Nhà hát', N'Các buổi biểu diễn và vở kịch trực tiếp.'),
('CAT004', N'Lễ hội', N'Các lễ hội văn hóa và âm nhạc.'),
('CAT005', N'Hội nghị', N'Các hội nghị về kinh doanh và công nghệ.'),
('CAT006', N'Hội thảo', N'Các hội thảo giáo dục và seminar.'),
('CAT007', N'Triển lãm', N'Các triển lãm nghệ thuật và khoa học.'),
('CAT008', N'Hài kịch', N'Các buổi biểu diễn hài kịch và sự kiện hài.'),
('CAT009', N'Nhảy múa', N'Các buổi biểu diễn nhảy múa và ballet.'),
('CAT010', N'Ma thuật', N'Các buổi biểu diễn ma thuật và ảo thuật.');




-- Chèn 30 vé mẫu
INSERT INTO [Ticket] (
    [TicketId], 
    [SellerId], 
    [Name], 
    [Cost], 
    [Location], 
    [StartDate], 
    [CreateDate], 
    [ModifyDate], 
    [Status], 
    [Image], 
    [Description],
	[Qr]
)
VALUES
('TICKET001', 'USER004', N'Live Concert Đen Vâu', 100000.0, N'10 Lê Duẩn, Hoàn Kiếm, Hà Nội', '2024-11-01', GETDATE(), GETDATE(), 1, 'TICKET001', N'Chương trình hòa nhạc Đen Vâu tại Nhà Hát Lớn Hà Nội, cơ hội tuyệt vời để thưởng thức những bài hát sâu lắng và kết nối với âm nhạc của anh.', 'iVBORw0KGgoAAAANSUhEUgAAAKoAAACqCAIAAACyFEPVAAAACXBIWXMAAA7EAAAOxAGVKw4bAAAGH0lEQVR4nO2d2XLrOAxE46n7/7+ceUvpZiwRS2PxdJ/HlERR7hggsdCv7+/vL8HKP9MTEJNIfmokPzWSnxrJT43kp0byUyP5qZH81Eh+av4cr3i9XhUPPgabfz335/rAfMKBbeMcXOMD3+vIcWL69lMj+amR/NScfX81GT8ae0TdOA8X7Eysu+VHLaPCXCdQtCx9+zjUv6nxxp7PWcafGslPTdz3G40M3Oc1GHzL49qmUfo5zy/97uYdeJ+jn/Z+lKhx1iLjT43kp2be+AMNadv+HjjgrIOYlz+Jyx8H/ofe3vIQe9jv76/I+FMj+an5eONv4WqfvcY5fG9zfCLGvPxeP2qJE3R+9Jn4xDgy/tRIfmrmjb/FUAP3zZl1wHHAqTmEicu/x4H9l7u5oWIDAcIlnaWfs4w/NZKfGrfx79xTuZ4VSM6+9cEVtf0Bej7n+aXfL1C5du/4KKrHxyLjT43kp2ad8Z+qrfM+d7wGEMJZ/uo1TiBWvy3kAFkejryUjD81kp+a8v7+bRuhbXELSOwh7HTWLf2uwOv4As+qCPvs+UrI+FMj+alZbfw799bhZyXz/cmhnsc5eijMvh9VG28p60Ad7dQc84fkMuB1jjL+1Eh+alL7fktN1YZNzoa9fmYOrtiAC8zSr6jG3ruGgIzfsL+3jNnztZHxp0byU/Pynq07xYY1hJfqDa19AnfEz/ULvFL1/hv1XNRZQG8nELimLh8h40+N5KemNeY/Va+3eRxLv1+43hDv+39oqE0r3R9n+gAfboeQzI/YkfGnRvJTk+rx60ykZijtp19yxnCM1qWfK2bgvQCVC0iOA3lH43zyXz8Zf2okPzUp4+/1qcljfN6SOdsnM453/PzF8Nu/Knx/pmcPta5J7umP4wRADaV9v4Ah+alZXefvIhkcda0JUIV7/bf/IiV/eI/uXX9V1N9Z5tMwpqveEJ6PkPGnRvJTA9v3X8n43eqavopYheXiil7B41CFPX7bjn3I5AKazxfaczaRjD81kp8an++v8E8N97p6EYvmgLoXy4p8/7GX78pgLt/7iMyzXHWO4WfJ+FMj+ak59/j9dXWv04Ib0j1O9whkzuA6/4A/Lt3fF8UewvvyqfqGMDL+1Eh+atz9/VOGC3Kw28cZ5ySFPX53T8r0/VfnEab2/VcazkVQvl+YkPzUwIx/RQ0/ag7e50LmGRjEMn9XjUKf778DEucPjO+69wr8/JzNyPhTI/mpGavz99b3VRjbzLk6U3TX+Wf88d0fK9IYxvHha4VBlO8XKSQ/Ne7z/L218aiALqovv6JGbypHkD+zaGzpV7o+yNCwBqzo63se/A4Zf2okPzUrzvOHNEhv26AbgSe7XWD6+5ulCtfA3wGcf7imofT8vjtk/KmR/NSU9Pejrs8wtRTw1hx48w6ufSk+3x/Of1fny1Fn8QKfVbEOwCLjT43kpwYf9K04Ry/2CBeWMbclfPOs6O9vu/dK9ZlClmsq7lW+X1iR/NSs+x2/Kb/uHac611B3kOuVsfP8IfnsitzBkpbWHmT8qZH81Kyo8++5MTYUqm/QS08+pfU3fNv6+y0AY/WZvvzwNQ/X25Hxp0byU4Px/ck4f8W+/Mp4rP7hBTPrj/x7rfspp831g8eLx//PvMj4UyP5qVln/Ktj/pk8qSXm/1lBYkx/f8bneY90QOW/m/sJS2skw+8i40+N5KfG3d+PAlXT5y3kqo4xoHIZPWcNrVv6VSyd4EdHfcSyzoKMPzWSn5p1xr+iDmCqxrBz/BjxHj8vwP23KxTR0CsPycejzk90IeNPjeSnJu77UYa6yCmO1OgFBp9dE6xb+l1xxQCq+/urzycwgn2ujD81kp+a1cb/jg3+O3+eLpBwMeBnyF8UG4ATyNPM/laQjD81kp+a1cY/41+9vfgQY1ux7y+tJVwt/1umavSubDtf6Cv6byHjT43kp+bzjH9RXD1jh133Jg0+NpfR2t/vGrbBv87uufPk5y/jT43kp2bst3xQB6iIBz445m90YKjzAEqPUazo64N8DWT8qZH81Jx9v/gfo28/NZKfGslPjeSnRvJTI/mpkfzUSH5qJD81kp+afwF5GTqK65m4GAAAAABJRU5ErkJggg=='),
('TICKET002', 'USER004', N'Live Show Mỹ Tâm', 150000.0, N'15 Nguyễn Văn Cừ, Long Biên, Hà Nội', '2024-11-02', GETDATE(), GETDATE(), 1, 'TICKET002', N'Live show của ca sĩ Mỹ Tâm, nơi bạn sẽ thưởng thức những màn trình diễn đặc sắc tại Cung Văn Hóa Hữu Nghị.', 'iVBORw0KGgoAAAANSUhEUgAAAKoAAACqCAIAAACyFEPVAAAACXBIWXMAAA7EAAAOxAGVKw4bAAAGH0lEQVR4nO2d2XLrOAxE46n7/7+ceUvpZiwRS2PxdJ/HlERR7hggsdCv7+/vL8HKP9MTEJNIfmokPzWSnxrJT43kp0byUyP5qZH81Eh+av4cr3i9XhUPPgabfz335/rAfMKBbeMcXOMD3+vIcWL69lMj+amR/NScfX81GT8ae0TdOA8X7Eysu+VHLaPCXCdQtCx9+zjUv6nxxp7PWcafGslPTdz3G40M3Oc1GHzL49qmUfo5zy/97uYdeJ+jn/Z+lKhx1iLjT43kp2be+AMNadv+HjjgrIOYlz+Jyx8H/ofe3vIQe9jv76/I+FMj+an5eONv4WqfvcY5fG9zfCLGvPxeP2qJE3R+9Jn4xDgy/tRIfmrmjb/FUAP3zZl1wHHAqTmEicu/x4H9l7u5oWIDAcIlnaWfs4w/NZKfGrfx79xTuZ4VSM6+9cEVtf0Bej7n+aXfL1C5du/4KKrHxyLjT43kp2ad8Z+qrfM+d7wGEMJZ/uo1TiBWvy3kAFkejryUjD81kp+a8v7+bRuhbXELSOwh7HTWLf2uwOv4As+qCPvs+UrI+FMj+alZbfw799bhZyXz/cmhnsc5eijMvh9VG28p60Ad7dQc84fkMuB1jjL+1Eh+alL7fktN1YZNzoa9fmYOrtiAC8zSr6jG3ruGgIzfsL+3jNnztZHxp0byU/Pynq07xYY1hJfqDa19AnfEz/ULvFL1/hv1XNRZQG8nELimLh8h40+N5KemNeY/Va+3eRxLv1+43hDv+39oqE0r3R9n+gAfboeQzI/YkfGnRvJTk+rx60ykZijtp19yxnCM1qWfK2bgvQCVC0iOA3lH43zyXz8Zf2okPzUp4+/1qcljfN6SOdsnM453/PzF8Nu/Knx/pmcPta5J7umP4wRADaV9v4Ah+alZXefvIhkcda0JUIV7/bf/IiV/eI/uXX9V1N9Z5tMwpqveEJ6PkPGnRvJTA9v3X8n43eqavopYheXiil7B41CFPX7bjn3I5AKazxfaczaRjD81kp8an++v8E8N97p6EYvmgLoXy4p8/7GX78pgLt/7iMyzXHWO4WfJ+FMj+ak59/j9dXWv04Ib0j1O9whkzuA6/4A/Lt3fF8UewvvyqfqGMDL+1Eh+atz9/VOGC3Kw28cZ5ySFPX53T8r0/VfnEab2/VcazkVQvl+YkPzUwIx/RQ0/ag7e50LmGRjEMn9XjUKf778DEucPjO+69wr8/JzNyPhTI/mpGavz99b3VRjbzLk6U3TX+Wf88d0fK9IYxvHha4VBlO8XKSQ/Ne7z/L218aiALqovv6JGbypHkD+zaGzpV7o+yNCwBqzo63se/A4Zf2okPzUrzvOHNEhv26AbgSe7XWD6+5ulCtfA3wGcf7imofT8vjtk/KmR/NSU9Pejrs8wtRTw1hx48w6ufSk+3x/Of1fny1Fn8QKfVbEOwCLjT43kpwYf9K04Ry/2CBeWMbclfPOs6O9vu/dK9ZlClmsq7lW+X1iR/NSs+x2/Kb/uHac611B3kOuVsfP8IfnsitzBkpbWHmT8qZH81Kyo8++5MTYUqm/QS08+pfU3fNv6+y0AY/WZvvzwNQ/X25Hxp0byU4Px/ck4f8W+/Mp4rP7hBTPrj/x7rfspp831g8eLx//PvMj4UyP5qVln/Ktj/pk8qSXm/1lBYkx/f8bneY90QOW/m/sJS2skw+8i40+N5KfG3d+PAlXT5y3kqo4xoHIZPWcNrVv6VSyd4EdHfcSyzoKMPzWSn5p1xr+iDmCqxrBz/BjxHj8vwP23KxTR0CsPycejzk90IeNPjeSnJu77UYa6yCmO1OgFBp9dE6xb+l1xxQCq+/urzycwgn2ujD81kp+a1cb/jg3+O3+eLpBwMeBnyF8UG4ATyNPM/laQjD81kp+a1cY/41+9vfgQY1ux7y+tJVwt/1umavSubDtf6Cv6byHjT43kp+bzjH9RXD1jh133Jg0+NpfR2t/vGrbBv87uufPk5y/jT43kp2bst3xQB6iIBz445m90YKjzAEqPUazo64N8DWT8qZH81Jx9v/gfo28/NZKfGslPjeSnRvJTI/mpkfzUSH5qJD81kp+afwF5GTqK65m4GAAAAABJRU5ErkJggg=='),
('TICKET003', 'USER005', N'Giải bóng đá V-League 2024', 200000.0, N'8 Lê Đức Thọ, Mỹ Đình, Hà Nội', '2024-11-03', GETDATE(), GETDATE(), 1, 'TICKET003', N'Giải bóng đá V-League 2024 tại Sân vận động Mỹ Đình, nơi các đội bóng hàng đầu Việt Nam tham gia.', 'iVBORw0KGgoAAAANSUhEUgAAAKoAAACqCAIAAACyFEPVAAAACXBIWXMAAA7EAAAOxAGVKw4bAAAGH0lEQVR4nO2d2XLrOAxE46n7/7+ceUvpZiwRS2PxdJ/HlERR7hggsdCv7+/vL8HKP9MTEJNIfmokPzWSnxrJT43kp0byUyP5qZH81Eh+av4cr3i9XhUPPgabfz335/rAfMKBbeMcXOMD3+vIcWL69lMj+amR/NScfX81GT8ae0TdOA8X7Eysu+VHLaPCXCdQtCx9+zjUv6nxxp7PWcafGslPTdz3G40M3Oc1GHzL49qmUfo5zy/97uYdeJ+jn/Z+lKhx1iLjT43kp2be+AMNadv+HjjgrIOYlz+Jyx8H/ofe3vIQe9jv76/I+FMj+an5eONv4WqfvcY5fG9zfCLGvPxeP2qJE3R+9Jn4xDgy/tRIfmrmjb/FUAP3zZl1wHHAqTmEicu/x4H9l7u5oWIDAcIlnaWfs4w/NZKfGrfx79xTuZ4VSM6+9cEVtf0Bej7n+aXfL1C5du/4KKrHxyLjT43kp2ad8Z+qrfM+d7wGEMJZ/uo1TiBWvy3kAFkejryUjD81kp+a8v7+bRuhbXELSOwh7HTWLf2uwOv4As+qCPvs+UrI+FMj+alZbfw799bhZyXz/cmhnsc5eijMvh9VG28p60Ad7dQc84fkMuB1jjL+1Eh+alL7fktN1YZNzoa9fmYOrtiAC8zSr6jG3ruGgIzfsL+3jNnztZHxp0byU/Pynq07xYY1hJfqDa19AnfEz/ULvFL1/hv1XNRZQG8nELimLh8h40+N5KemNeY/Va+3eRxLv1+43hDv+39oqE0r3R9n+gAfboeQzI/YkfGnRvJTk+rx60ykZijtp19yxnCM1qWfK2bgvQCVC0iOA3lH43zyXz8Zf2okPzUp4+/1qcljfN6SOdsnM453/PzF8Nu/Knx/pmcPta5J7umP4wRADaV9v4Ah+alZXefvIhkcda0JUIV7/bf/IiV/eI/uXX9V1N9Z5tMwpqveEJ6PkPGnRvJTA9v3X8n43eqavopYheXiil7B41CFPX7bjn3I5AKazxfaczaRjD81kp8an++v8E8N97p6EYvmgLoXy4p8/7GX78pgLt/7iMyzXHWO4WfJ+FMj+ak59/j9dXWv04Ib0j1O9whkzuA6/4A/Lt3fF8UewvvyqfqGMDL+1Eh+atz9/VOGC3Kw28cZ5ySFPX53T8r0/VfnEab2/VcazkVQvl+YkPzUwIx/RQ0/ag7e50LmGRjEMn9XjUKf778DEucPjO+69wr8/JzNyPhTI/mpGavz99b3VRjbzLk6U3TX+Wf88d0fK9IYxvHha4VBlO8XKSQ/Ne7z/L218aiALqovv6JGbypHkD+zaGzpV7o+yNCwBqzo63se/A4Zf2okPzUrzvOHNEhv26AbgSe7XWD6+5ulCtfA3wGcf7imofT8vjtk/KmR/NSU9Pejrs8wtRTw1hx48w6ufSk+3x/Of1fny1Fn8QKfVbEOwCLjT43kpwYf9K04Ry/2CBeWMbclfPOs6O9vu/dK9ZlClmsq7lW+X1iR/NSs+x2/Kb/uHac611B3kOuVsfP8IfnsitzBkpbWHmT8qZH81Kyo8++5MTYUqm/QS08+pfU3fNv6+y0AY/WZvvzwNQ/X25Hxp0byU4Px/ck4f8W+/Mp4rP7hBTPrj/x7rfspp831g8eLx//PvMj4UyP5qVln/Ktj/pk8qSXm/1lBYkx/f8bneY90QOW/m/sJS2skw+8i40+N5KfG3d+PAlXT5y3kqo4xoHIZPWcNrVv6VSyd4EdHfcSyzoKMPzWSn5p1xr+iDmCqxrBz/BjxHj8vwP23KxTR0CsPycejzk90IeNPjeSnJu77UYa6yCmO1OgFBp9dE6xb+l1xxQCq+/urzycwgn2ujD81kp+a1cb/jg3+O3+eLpBwMeBnyF8UG4ATyNPM/laQjD81kp+a1cY/41+9vfgQY1ux7y+tJVwt/1umavSubDtf6Cv6byHjT43kp+bzjH9RXD1jh133Jg0+NpfR2t/vGrbBv87uufPk5y/jT43kp2bst3xQB6iIBz445m90YKjzAEqPUazo64N8DWT8qZH81Jx9v/gfo28/NZKfGslPjeSnRvJTI/mpkfzUSH5qJD81kp+afwF5GTqK65m4GAAAAABJRU5ErkJggg=='),
('TICKET004', 'USER005', N'Trận chung kết U23 Việt Nam', 250000.0, N'12 Đặng Văn Ngữ, Phú Nhuận, TP. Hồ Chí Minh', '2024-11-04', GETDATE(), GETDATE(), 1, 'TICKET004', N'Trận chung kết U23 Việt Nam tại Sân vận động Thống Nhất, sự kiện đáng chờ đợi nhất trong năm.', 'iVBORw0KGgoAAAANSUhEUgAAAKoAAACqCAIAAACyFEPVAAAACXBIWXMAAA7EAAAOxAGVKw4bAAAGH0lEQVR4nO2d2XLrOAxE46n7/7+ceUvpZiwRS2PxdJ/HlERR7hggsdCv7+/vL8HKP9MTEJNIfmokPzWSnxrJT43kp0byUyP5qZH81Eh+av4cr3i9XhUPPgabfz335/rAfMKBbeMcXOMD3+vIcWL69lMj+amR/NScfX81GT8ae0TdOA8X7Eysu+VHLaPCXCdQtCx9+zjUv6nxxp7PWcafGslPTdz3G40M3Oc1GHzL49qmUfo5zy/97uYdeJ+jn/Z+lKhx1iLjT43kp2be+AMNadv+HjjgrIOYlz+Jyx8H/ofe3vIQe9jv76/I+FMj+an5eONv4WqfvcY5fG9zfCLGvPxeP2qJE3R+9Jn4xDgy/tRIfmrmjb/FUAP3zZl1wHHAqTmEicu/x4H9l7u5oWIDAcIlnaWfs4w/NZKfGrfx79xTuZ4VSM6+9cEVtf0Bej7n+aXfL1C5du/4KKrHxyLjT43kp2ad8Z+qrfM+d7wGEMJZ/uo1TiBWvy3kAFkejryUjD81kp+a8v7+bRuhbXELSOwh7HTWLf2uwOv4As+qCPvs+UrI+FMj+alZbfw799bhZyXz/cmhnsc5eijMvh9VG28p60Ad7dQc84fkMuB1jjL+1Eh+alL7fktN1YZNzoa9fmYOrtiAC8zSr6jG3ruGgIzfsL+3jNnztZHxp0byU/Pynq07xYY1hJfqDa19AnfEz/ULvFL1/hv1XNRZQG8nELimLh8h40+N5KemNeY/Va+3eRxLv1+43hDv+39oqE0r3R9n+gAfboeQzI/YkfGnRvJTk+rx60ykZijtp19yxnCM1qWfK2bgvQCVC0iOA3lH43zyXz8Zf2okPzUp4+/1qcljfN6SOdsnM453/PzF8Nu/Knx/pmcPta5J7umP4wRADaV9v4Ah+alZXefvIhkcda0JUIV7/bf/IiV/eI/uXX9V1N9Z5tMwpqveEJ6PkPGnRvJTA9v3X8n43eqavopYheXiil7B41CFPX7bjn3I5AKazxfaczaRjD81kp8an++v8E8N97p6EYvmgLoXy4p8/7GX78pgLt/7iMyzXHWO4WfJ+FMj+ak59/j9dXWv04Ib0j1O9whkzuA6/4A/Lt3fF8UewvvyqfqGMDL+1Eh+atz9/VOGC3Kw28cZ5ySFPX53T8r0/VfnEab2/VcazkVQvl+YkPzUwIx/RQ0/ag7e50LmGRjEMn9XjUKf778DEucPjO+69wr8/JzNyPhTI/mpGavz99b3VRjbzLk6U3TX+Wf88d0fK9IYxvHha4VBlO8XKSQ/Ne7z/L218aiALqovv6JGbypHkD+zaGzpV7o+yNCwBqzo63se/A4Zf2okPzUrzvOHNEhv26AbgSe7XWD6+5ulCtfA3wGcf7imofT8vjtk/KmR/NSU9Pejrs8wtRTw1hx48w6ufSk+3x/Of1fny1Fn8QKfVbEOwCLjT43kpwYf9K04Ry/2CBeWMbclfPOs6O9vu/dK9ZlClmsq7lW+X1iR/NSs+x2/Kb/uHac611B3kOuVsfP8IfnsitzBkpbWHmT8qZH81Kyo8++5MTYUqm/QS08+pfU3fNv6+y0AY/WZvvzwNQ/X25Hxp0byU4Px/ck4f8W+/Mp4rP7hBTPrj/x7rfspp831g8eLx//PvMj4UyP5qVln/Ktj/pk8qSXm/1lBYkx/f8bneY90QOW/m/sJS2skw+8i40+N5KfG3d+PAlXT5y3kqo4xoHIZPWcNrVv6VSyd4EdHfcSyzoKMPzWSn5p1xr+iDmCqxrBz/BjxHj8vwP23KxTR0CsPycejzk90IeNPjeSnJu77UYa6yCmO1OgFBp9dE6xb+l1xxQCq+/urzycwgn2ujD81kp+a1cb/jg3+O3+eLpBwMeBnyF8UG4ATyNPM/laQjD81kp+a1cY/41+9vfgQY1ux7y+tJVwt/1umavSubDtf6Cv6byHjT43kp+bzjH9RXD1jh133Jg0+NpfR2t/vGrbBv87uufPk5y/jT43kp2bst3xQB6iIBz445m90YKjzAEqPUazo64N8DWT8qZH81Jx9v/gfo28/NZKfGslPjeSnRvJTI/mpkfzUSH5qJD81kp+afwF5GTqK65m4GAAAAABJRU5ErkJggg=='),
('TICKET005', 'USER005', N'Sự kiện thể thao Hòa Bình', 300000.0, N'34 Nguyễn Văn Trỗi, Hòa Bình, Việt Nam', '2024-11-05', GETDATE(), GETDATE(), 1, 'TICKET005', N'Sự kiện thể thao Hòa Bình, nơi bạn sẽ thưởng thức các môn thể thao đa dạng.', 'iVBORw0KGgoAAAANSUhEUgAAAKoAAACqCAIAAACyFEPVAAAACXBIWXMAAA7EAAAOxAGVKw4bAAAGH0lEQVR4nO2d2XLrOAxE46n7/7+ceUvpZiwRS2PxdJ/HlERR7hggsdCv7+/vL8HKP9MTEJNIfmokPzWSnxrJT43kp0byUyP5qZH81Eh+av4cr3i9XhUPPgabfz335/rAfMKBbeMcXOMD3+vIcWL69lMj+amR/NScfX81GT8ae0TdOA8X7Eysu+VHLaPCXCdQtCx9+zjUv6nxxp7PWcafGslPTdz3G40M3Oc1GHzL49qmUfo5zy/97uYdeJ+jn/Z+lKhx1iLjT43kp2be+AMNadv+HjjgrIOYlz+Jyx8H/ofe3vIQe9jv76/I+FMj+an5eONv4WqfvcY5fG9zfCLGvPxeP2qJE3R+9Jn4xDgy/tRIfmrmjb/FUAP3zZl1wHHAqTmEicu/x4H9l7u5oWIDAcIlnaWfs4w/NZKfGrfx79xTuZ4VSM6+9cEVtf0Bej7n+aXfL1C5du/4KKrHxyLjT43kp2ad8Z+qrfM+d7wGEMJZ/uo1TiBWvy3kAFkejryUjD81kp+a8v7+bRuhbXELSOwh7HTWLf2uwOv4As+qCPvs+UrI+FMj+alZbfw799bhZyXz/cmhnsc5eijMvh9VG28p60Ad7dQc84fkMuB1jjL+1Eh+alL7fktN1YZNzoa9fmYOrtiAC8zSr6jG3ruGgIzfsL+3jNnztZHxp0byU/Pynq07xYY1hJfqDa19AnfEz/ULvFL1/hv1XNRZQG8nELimLh8h40+N5KemNeY/Va+3eRxLv1+43hDv+39oqE0r3R9n+gAfboeQzI/YkfGnRvJTk+rx60ykZijtp19yxnCM1qWfK2bgvQCVC0iOA3lH43zyXz8Zf2okPzUp4+/1qcljfN6SOdsnM453/PzF8Nu/Knx/pmcPta5J7umP4wRADaV9v4Ah+alZXefvIhkcda0JUIV7/bf/IiV/eI/uXX9V1N9Z5tMwpqveEJ6PkPGnRvJTA9v3X8n43eqavopYheXiil7B41CFPX7bjn3I5AKazxfaczaRjD81kp8an++v8E8N97p6EYvmgLoXy4p8/7GX78pgLt/7iMyzXHWO4WfJ+FMj+ak59/j9dXWv04Ib0j1O9whkzuA6/4A/Lt3fF8UewvvyqfqGMDL+1Eh+atz9/VOGC3Kw28cZ5ySFPX53T8r0/VfnEab2/VcazkVQvl+YkPzUwIx/RQ0/ag7e50LmGRjEMn9XjUKf778DEucPjO+69wr8/JzNyPhTI/mpGavz99b3VRjbzLk6U3TX+Wf88d0fK9IYxvHha4VBlO8XKSQ/Ne7z/L218aiALqovv6JGbypHkD+zaGzpV7o+yNCwBqzo63se/A4Zf2okPzUrzvOHNEhv26AbgSe7XWD6+5ulCtfA3wGcf7imofT8vjtk/KmR/NSU9Pejrs8wtRTw1hx48w6ufSk+3x/Of1fny1Fn8QKfVbEOwCLjT43kpwYf9K04Ry/2CBeWMbclfPOs6O9vu/dK9ZlClmsq7lW+X1iR/NSs+x2/Kb/uHac611B3kOuVsfP8IfnsitzBkpbWHmT8qZH81Kyo8++5MTYUqm/QS08+pfU3fNv6+y0AY/WZvvzwNQ/X25Hxp0byU4Px/ck4f8W+/Mp4rP7hBTPrj/x7rfspp831g8eLx//PvMj4UyP5qVln/Ktj/pk8qSXm/1lBYkx/f8bneY90QOW/m/sJS2skw+8i40+N5KfG3d+PAlXT5y3kqo4xoHIZPWcNrVv6VSyd4EdHfcSyzoKMPzWSn5p1xr+iDmCqxrBz/BjxHj8vwP23KxTR0CsPycejzk90IeNPjeSnJu77UYa6yCmO1OgFBp9dE6xb+l1xxQCq+/urzycwgn2ujD81kp+a1cb/jg3+O3+eLpBwMeBnyF8UG4ATyNPM/laQjD81kp+a1cY/41+9vfgQY1ux7y+tJVwt/1umavSubDtf6Cv6byHjT43kp+bzjH9RXD1jh133Jg0+NpfR2t/vGrbBv87uufPk5y/jT43kp2bst3xQB6iIBz445m90YKjzAEqPUazo64N8DWT8qZH81Jx9v/gfo28/NZKfGslPjeSnRvJTI/mpkfzUSH5qJD81kp+afwF5GTqK65m4GAAAAABJRU5ErkJggg=='),
('TICKET006', 'USER006', N'Buổi biểu diễn nhạc cụ G', 90000.0, N'28 Trần Hưng Đạo, Quận 1, TP. Hồ Chí Minh', '2024-11-06', GETDATE(), GETDATE(), 1, 'TICKET006', N'Buổi biểu diễn nhạc cụ G tại Nhà Hát Thành Phố Hồ Chí Minh, nơi các nhạc công tài năng sẽ thể hiện khả năng điêu luyện.', 'iVBORw0KGgoAAAANSUhEUgAAAKoAAACqCAIAAACyFEPVAAAACXBIWXMAAA7EAAAOxAGVKw4bAAAGH0lEQVR4nO2d2XLrOAxE46n7/7+ceUvpZiwRS2PxdJ/HlERR7hggsdCv7+/vL8HKP9MTEJNIfmokPzWSnxrJT43kp0byUyP5qZH81Eh+av4cr3i9XhUPPgabfz335/rAfMKBbeMcXOMD3+vIcWL69lMj+amR/NScfX81GT8ae0TdOA8X7Eysu+VHLaPCXCdQtCx9+zjUv6nxxp7PWcafGslPTdz3G40M3Oc1GHzL49qmUfo5zy/97uYdeJ+jn/Z+lKhx1iLjT43kp2be+AMNadv+HjjgrIOYlz+Jyx8H/ofe3vIQe9jv76/I+FMj+an5eONv4WqfvcY5fG9zfCLGvPxeP2qJE3R+9Jn4xDgy/tRIfmrmjb/FUAP3zZl1wHHAqTmEicu/x4H9l7u5oWIDAcIlnaWfs4w/NZKfGrfx79xTuZ4VSM6+9cEVtf0Bej7n+aXfL1C5du/4KKrHxyLjT43kp2ad8Z+qrfM+d7wGEMJZ/uo1TiBWvy3kAFkejryUjD81kp+a8v7+bRuhbXELSOwh7HTWLf2uwOv4As+qCPvs+UrI+FMj+alZbfw799bhZyXz/cmhnsc5eijMvh9VG28p60Ad7dQc84fkMuB1jjL+1Eh+alL7fktN1YZNzoa9fmYOrtiAC8zSr6jG3ruGgIzfsL+3jNnztZHxp0byU/Pynq07xYY1hJfqDa19AnfEz/ULvFL1/hv1XNRZQG8nELimLh8h40+N5KemNeY/Va+3eRxLv1+43hDv+39oqE0r3R9n+gAfboeQzI/YkfGnRvJTk+rx60ykZijtp19yxnCM1qWfK2bgvQCVC0iOA3lH43zyXz8Zf2okPzUp4+/1qcljfN6SOdsnM453/PzF8Nu/Knx/pmcPta5J7umP4wRADaV9v4Ah+alZXefvIhkcda0JUIV7/bf/IiV/eI/uXX9V1N9Z5tMwpqveEJ6PkPGnRvJTA9v3X8n43eqavopYheXiil7B41CFPX7bjn3I5AKazxfaczaRjD81kp8an++v8E8N97p6EYvmgLoXy4p8/7GX78pgLt/7iMyzXHWO4WfJ+FMj+ak59/j9dXWv04Ib0j1O9whkzuA6/4A/Lt3fF8UewvvyqfqGMDL+1Eh+atz9/VOGC3Kw28cZ5ySFPX53T8r0/VfnEab2/VcazkVQvl+YkPzUwIx/RQ0/ag7e50LmGRjEMn9XjUKf778DEucPjO+69wr8/JzNyPhTI/mpGavz99b3VRjbzLk6U3TX+Wf88d0fK9IYxvHha4VBlO8XKSQ/Ne7z/L218aiALqovv6JGbypHkD+zaGzpV7o+yNCwBqzo63se/A4Zf2okPzUrzvOHNEhv26AbgSe7XWD6+5ulCtfA3wGcf7imofT8vjtk/KmR/NSU9Pejrs8wtRTw1hx48w6ufSk+3x/Of1fny1Fn8QKfVbEOwCLjT43kpwYf9K04Ry/2CBeWMbclfPOs6O9vu/dK9ZlClmsq7lW+X1iR/NSs+x2/Kb/uHac611B3kOuVsfP8IfnsitzBkpbWHmT8qZH81Kyo8++5MTYUqm/QS08+pfU3fNv6+y0AY/WZvvzwNQ/X25Hxp0byU4Px/ck4f8W+/Mp4rP7hBTPrj/x7rfspp831g8eLx//PvMj4UyP5qVln/Ktj/pk8qSXm/1lBYkx/f8bneY90QOW/m/sJS2skw+8i40+N5KfG3d+PAlXT5y3kqo4xoHIZPWcNrVv6VSyd4EdHfcSyzoKMPzWSn5p1xr+iDmCqxrBz/BjxHj8vwP23KxTR0CsPycejzk90IeNPjeSnJu77UYa6yCmO1OgFBp9dE6xb+l1xxQCq+/urzycwgn2ujD81kp+a1cb/jg3+O3+eLpBwMeBnyF8UG4ATyNPM/laQjD81kp+a1cY/41+9vfgQY1ux7y+tJVwt/1umavSubDtf6Cv6byHjT43kp+bzjH9RXD1jh133Jg0+NpfR2t/vGrbBv87uufPk5y/jT43kp2bst3xQB6iIBz445m90YKjzAEqPUazo64N8DWT8qZH81Jx9v/gfo28/NZKfGslPjeSnRvJTI/mpkfzUSH5qJD81kp+afwF5GTqK65m4GAAAAABJRU5ErkJggg=='),
('TICKET007', 'USER007', N'Hội thảo về công nghệ AI', 70000.0, N'16 Phạm Hùng, Nam Từ Liêm, Hà Nội', '2024-11-07', GETDATE(), GETDATE(), 1, 'TICKET007', N'Hội thảo về công nghệ AI tại Trung tâm Hội nghị Quốc gia, nơi các chuyên gia chia sẻ kiến thức.', 'iVBORw0KGgoAAAANSUhEUgAAAKoAAACqCAIAAACyFEPVAAAACXBIWXMAAA7EAAAOxAGVKw4bAAAGH0lEQVR4nO2d2XLrOAxE46n7/7+ceUvpZiwRS2PxdJ/HlERR7hggsdCv7+/vL8HKP9MTEJNIfmokPzWSnxrJT43kp0byUyP5qZH81Eh+av4cr3i9XhUPPgabfz335/rAfMKBbeMcXOMD3+vIcWL69lMj+amR/NScfX81GT8ae0TdOA8X7Eysu+VHLaPCXCdQtCx9+zjUv6nxxp7PWcafGslPTdz3G40M3Oc1GHzL49qmUfo5zy/97uYdeJ+jn/Z+lKhx1iLjT43kp2be+AMNadv+HjjgrIOYlz+Jyx8H/ofe3vIQe9jv76/I+FMj+an5eONv4WqfvcY5fG9zfCLGvPxeP2qJE3R+9Jn4xDgy/tRIfmrmjb/FUAP3zZl1wHHAqTmEicu/x4H9l7u5oWIDAcIlnaWfs4w/NZKfGrfx79xTuZ4VSM6+9cEVtf0Bej7n+aXfL1C5du/4KKrHxyLjT43kp2ad8Z+qrfM+d7wGEMJZ/uo1TiBWvy3kAFkejryUjD81kp+a8v7+bRuhbXELSOwh7HTWLf2uwOv4As+qCPvs+UrI+FMj+alZbfw799bhZyXz/cmhnsc5eijMvh9VG28p60Ad7dQc84fkMuB1jjL+1Eh+alL7fktN1YZNzoa9fmYOrtiAC8zSr6jG3ruGgIzfsL+3jNnztZHxp0byU/Pynq07xYY1hJfqDa19AnfEz/ULvFL1/hv1XNRZQG8nELimLh8h40+N5KemNeY/Va+3eRxLv1+43hDv+39oqE0r3R9n+gAfboeQzI/YkfGnRvJTk+rx60ykZijtp19yxnCM1qWfK2bgvQCVC0iOA3lH43zyXz8Zf2okPzUp4+/1qcljfN6SOdsnM453/PzF8Nu/Knx/pmcPta5J7umP4wRADaV9v4Ah+alZXefvIhkcda0JUIV7/bf/IiV/eI/uXX9V1N9Z5tMwpqveEJ6PkPGnRvJTA9v3X8n43eqavopYheXiil7B41CFPX7bjn3I5AKazxfaczaRjD81kp8an++v8E8N97p6EYvmgLoXy4p8/7GX78pgLt/7iMyzXHWO4WfJ+FMj+ak59/j9dXWv04Ib0j1O9whkzuA6/4A/Lt3fF8UewvvyqfqGMDL+1Eh+atz9/VOGC3Kw28cZ5ySFPX53T8r0/VfnEab2/VcazkVQvl+YkPzUwIx/RQ0/ag7e50LmGRjEMn9XjUKf778DEucPjO+69wr8/JzNyPhTI/mpGavz99b3VRjbzLk6U3TX+Wf88d0fK9IYxvHha4VBlO8XKSQ/Ne7z/L218aiALqovv6JGbypHkD+zaGzpV7o+yNCwBqzo63se/A4Zf2okPzUrzvOHNEhv26AbgSe7XWD6+5ulCtfA3wGcf7imofT8vjtk/KmR/NSU9Pejrs8wtRTw1hx48w6ufSk+3x/Of1fny1Fn8QKfVbEOwCLjT43kpwYf9K04Ry/2CBeWMbclfPOs6O9vu/dK9ZlClmsq7lW+X1iR/NSs+x2/Kb/uHac611B3kOuVsfP8IfnsitzBkpbWHmT8qZH81Kyo8++5MTYUqm/QS08+pfU3fNv6+y0AY/WZvvzwNQ/X25Hxp0byU4Px/ck4f8W+/Mp4rP7hBTPrj/x7rfspp831g8eLx//PvMj4UyP5qVln/Ktj/pk8qSXm/1lBYkx/f8bneY90QOW/m/sJS2skw+8i40+N5KfG3d+PAlXT5y3kqo4xoHIZPWcNrVv6VSyd4EdHfcSyzoKMPzWSn5p1xr+iDmCqxrBz/BjxHj8vwP23KxTR0CsPycejzk90IeNPjeSnJu77UYa6yCmO1OgFBp9dE6xb+l1xxQCq+/urzycwgn2ujD81kp+a1cb/jg3+O3+eLpBwMeBnyF8UG4ATyNPM/laQjD81kp+a1cY/41+9vfgQY1ux7y+tJVwt/1umavSubDtf6Cv6byHjT43kp+bzjH9RXD1jh133Jg0+NpfR2t/vGrbBv87uufPk5y/jT43kp2bst3xQB6iIBz445m90YKjzAEqPUazo64N8DWT8qZH81Jx9v/gfo28/NZKfGslPjeSnRvJTI/mpkfzUSH5qJD81kp+afwF5GTqK65m4GAAAAABJRU5ErkJggg=='),
('TICKET008', 'USER007', N'Hội thảo về chiến lược kinh doanh', 120000.0, N'22 Lê Lai, Quận 1, TP. Hồ Chí Minh', '2024-11-08', GETDATE(), GETDATE(), 1, 'TICKET008', N'Hội thảo về chiến lược kinh doanh tại Khách sạn Rex, nơi chia sẻ kiến thức quý giá.', 'iVBORw0KGgoAAAANSUhEUgAAAKoAAACqCAIAAACyFEPVAAAACXBIWXMAAA7EAAAOxAGVKw4bAAAGH0lEQVR4nO2d2XLrOAxE46n7/7+ceUvpZiwRS2PxdJ/HlERR7hggsdCv7+/vL8HKP9MTEJNIfmokPzWSnxrJT43kp0byUyP5qZH81Eh+av4cr3i9XhUPPgabfz335/rAfMKBbeMcXOMD3+vIcWL69lMj+amR/NScfX81GT8ae0TdOA8X7Eysu+VHLaPCXCdQtCx9+zjUv6nxxp7PWcafGslPTdz3G40M3Oc1GHzL49qmUfo5zy/97uYdeJ+jn/Z+lKhx1iLjT43kp2be+AMNadv+HjjgrIOYlz+Jyx8H/ofe3vIQe9jv76/I+FMj+an5eONv4WqfvcY5fG9zfCLGvPxeP2qJE3R+9Jn4xDgy/tRIfmrmjb/FUAP3zZl1wHHAqTmEicu/x4H9l7u5oWIDAcIlnaWfs4w/NZKfGrfx79xTuZ4VSM6+9cEVtf0Bej7n+aXfL1C5du/4KKrHxyLjT43kp2ad8Z+qrfM+d7wGEMJZ/uo1TiBWvy3kAFkejryUjD81kp+a8v7+bRuhbXELSOwh7HTWLf2uwOv4As+qCPvs+UrI+FMj+alZbfw799bhZyXz/cmhnsc5eijMvh9VG28p60Ad7dQc84fkMuB1jjL+1Eh+alL7fktN1YZNzoa9fmYOrtiAC8zSr6jG3ruGgIzfsL+3jNnztZHxp0byU/Pynq07xYY1hJfqDa19AnfEz/ULvFL1/hv1XNRZQG8nELimLh8h40+N5KemNeY/Va+3eRxLv1+43hDv+39oqE0r3R9n+gAfboeQzI/YkfGnRvJTk+rx60ykZijtp19yxnCM1qWfK2bgvQCVC0iOA3lH43zyXz8Zf2okPzUp4+/1qcljfN6SOdsnM453/PzF8Nu/Knx/pmcPta5J7umP4wRADaV9v4Ah+alZXefvIhkcda0JUIV7/bf/IiV/eI/uXX9V1N9Z5tMwpqveEJ6PkPGnRvJTA9v3X8n43eqavopYheXiil7B41CFPX7bjn3I5AKazxfaczaRjD81kp8an++v8E8N97p6EYvmgLoXy4p8/7GX78pgLt/7iMyzXHWO4WfJ+FMj+ak59/j9dXWv04Ib0j1O9whkzuA6/4A/Lt3fF8UewvvyqfqGMDL+1Eh+atz9/VOGC3Kw28cZ5ySFPX53T8r0/VfnEab2/VcazkVQvl+YkPzUwIx/RQ0/ag7e50LmGRjEMn9XjUKf778DEucPjO+69wr8/JzNyPhTI/mpGavz99b3VRjbzLk6U3TX+Wf88d0fK9IYxvHha4VBlO8XKSQ/Ne7z/L218aiALqovv6JGbypHkD+zaGzpV7o+yNCwBqzo63se/A4Zf2okPzUrzvOHNEhv26AbgSe7XWD6+5ulCtfA3wGcf7imofT8vjtk/KmR/NSU9Pejrs8wtRTw1hx48w6ufSk+3x/Of1fny1Fn8QKfVbEOwCLjT43kpwYf9K04Ry/2CBeWMbclfPOs6O9vu/dK9ZlClmsq7lW+X1iR/NSs+x2/Kb/uHac611B3kOuVsfP8IfnsitzBkpbWHmT8qZH81Kyo8++5MTYUqm/QS08+pfU3fNv6+y0AY/WZvvzwNQ/X25Hxp0byU4Px/ck4f8W+/Mp4rP7hBTPrj/x7rfspp831g8eLx//PvMj4UyP5qVln/Ktj/pk8qSXm/1lBYkx/f8bneY90QOW/m/sJS2skw+8i40+N5KfG3d+PAlXT5y3kqo4xoHIZPWcNrVv6VSyd4EdHfcSyzoKMPzWSn5p1xr+iDmCqxrBz/BjxHj8vwP23KxTR0CsPycejzk90IeNPjeSnJu77UYa6yCmO1OgFBp9dE6xb+l1xxQCq+/urzycwgn2ujD81kp+a1cb/jg3+O3+eLpBwMeBnyF8UG4ATyNPM/laQjD81kp+a1cY/41+9vfgQY1ux7y+tJVwt/1umavSubDtf6Cv6byHjT43kp+bzjH9RXD1jh133Jg0+NpfR2t/vGrbBv87uufPk5y/jT43kp2bst3xQB6iIBz445m90YKjzAEqPUazo64N8DWT8qZH81Jx9v/gfo28/NZKfGslPjeSnRvJTI/mpkfzUSH5qJD81kp+afwF5GTqK65m4GAAAAABJRU5ErkJggg=='),
('TICKET009', 'USER008', N'Buổi biểu diễn nghệ thuật múa đương đại', 110000.0, N'45 Bà Triệu, Hoàn Kiếm, Hà Nội', '2024-11-09', GETDATE(), GETDATE(), 1, 'TICKET009', N'Buổi biểu diễn nghệ thuật múa đương đại tại Nhà Hát Lớn Hà Nội.', 'iVBORw0KGgoAAAANSUhEUgAAAKoAAACqCAIAAACyFEPVAAAACXBIWXMAAA7EAAAOxAGVKw4bAAAGH0lEQVR4nO2d2XLrOAxE46n7/7+ceUvpZiwRS2PxdJ/HlERR7hggsdCv7+/vL8HKP9MTEJNIfmokPzWSnxrJT43kp0byUyP5qZH81Eh+av4cr3i9XhUPPgabfz335/rAfMKBbeMcXOMD3+vIcWL69lMj+amR/NScfX81GT8ae0TdOA8X7Eysu+VHLaPCXCdQtCx9+zjUv6nxxp7PWcafGslPTdz3G40M3Oc1GHzL49qmUfo5zy/97uYdeJ+jn/Z+lKhx1iLjT43kp2be+AMNadv+HjjgrIOYlz+Jyx8H/ofe3vIQe9jv76/I+FMj+an5eONv4WqfvcY5fG9zfCLGvPxeP2qJE3R+9Jn4xDgy/tRIfmrmjb/FUAP3zZl1wHHAqTmEicu/x4H9l7u5oWIDAcIlnaWfs4w/NZKfGrfx79xTuZ4VSM6+9cEVtf0Bej7n+aXfL1C5du/4KKrHxyLjT43kp2ad8Z+qrfM+d7wGEMJZ/uo1TiBWvy3kAFkejryUjD81kp+a8v7+bRuhbXELSOwh7HTWLf2uwOv4As+qCPvs+UrI+FMj+alZbfw799bhZyXz/cmhnsc5eijMvh9VG28p60Ad7dQc84fkMuB1jjL+1Eh+alL7fktN1YZNzoa9fmYOrtiAC8zSr6jG3ruGgIzfsL+3jNnztZHxp0byU/Pynq07xYY1hJfqDa19AnfEz/ULvFL1/hv1XNRZQG8nELimLh8h40+N5KemNeY/Va+3eRxLv1+43hDv+39oqE0r3R9n+gAfboeQzI/YkfGnRvJTk+rx60ykZijtp19yxnCM1qWfK2bgvQCVC0iOA3lH43zyXz8Zf2okPzUp4+/1qcljfN6SOdsnM453/PzF8Nu/Knx/pmcPta5J7umP4wRADaV9v4Ah+alZXefvIhkcda0JUIV7/bf/IiV/eI/uXX9V1N9Z5tMwpqveEJ6PkPGnRvJTA9v3X8n43eqavopYheXiil7B41CFPX7bjn3I5AKazxfaczaRjD81kp8an++v8E8N97p6EYvmgLoXy4p8/7GX78pgLt/7iMyzXHWO4WfJ+FMj+ak59/j9dXWv04Ib0j1O9whkzuA6/4A/Lt3fF8UewvvyqfqGMDL+1Eh+atz9/VOGC3Kw28cZ5ySFPX53T8r0/VfnEab2/VcazkVQvl+YkPzUwIx/RQ0/ag7e50LmGRjEMn9XjUKf778DEucPjO+69wr8/JzNyPhTI/mpGavz99b3VRjbzLk6U3TX+Wf88d0fK9IYxvHha4VBlO8XKSQ/Ne7z/L218aiALqovv6JGbypHkD+zaGzpV7o+yNCwBqzo63se/A4Zf2okPzUrzvOHNEhv26AbgSe7XWD6+5ulCtfA3wGcf7imofT8vjtk/KmR/NSU9Pejrs8wtRTw1hx48w6ufSk+3x/Of1fny1Fn8QKfVbEOwCLjT43kpwYf9K04Ry/2CBeWMbclfPOs6O9vu/dK9ZlClmsq7lW+X1iR/NSs+x2/Kb/uHac611B3kOuVsfP8IfnsitzBkpbWHmT8qZH81Kyo8++5MTYUqm/QS08+pfU3fNv6+y0AY/WZvvzwNQ/X25Hxp0byU4Px/ck4f8W+/Mp4rP7hBTPrj/x7rfspp831g8eLx//PvMj4UyP5qVln/Ktj/pk8qSXm/1lBYkx/f8bneY90QOW/m/sJS2skw+8i40+N5KfG3d+PAlXT5y3kqo4xoHIZPWcNrVv6VSyd4EdHfcSyzoKMPzWSn5p1xr+iDmCqxrBz/BjxHj8vwP23KxTR0CsPycejzk90IeNPjeSnJu77UYa6yCmO1OgFBp9dE6xb+l1xxQCq+/urzycwgn2ujD81kp+a1cb/jg3+O3+eLpBwMeBnyF8UG4ATyNPM/laQjD81kp+a1cY/41+9vfgQY1ux7y+tJVwt/1umavSubDtf6Cv6byHjT43kp+bzjH9RXD1jh133Jg0+NpfR2t/vGrbBv87uufPk5y/jT43kp2bst3xQB6iIBz445m90YKjzAEqPUazo64N8DWT8qZH81Jx9v/gfo28/NZKfGslPjeSnRvJTI/mpkfzUSH5qJD81kp+afwF5GTqK65m4GAAAAABJRU5ErkJggg=='),
('TICKET010', 'USER008', N'Triển lãm nghệ thuật đương đại', 130000.0, N'3 Đặng Thái Thân, Quận 3, TP. Hồ Chí Minh', '2024-11-10', GETDATE(), GETDATE(), 1, 'TICKET010', N'Triển lãm nghệ thuật đương đại tại Bảo Tàng Mỹ Thuật Việt Nam.', 'iVBORw0KGgoAAAANSUhEUgAAAKoAAACqCAIAAACyFEPVAAAACXBIWXMAAA7EAAAOxAGVKw4bAAAGH0lEQVR4nO2d2XLrOAxE46n7/7+ceUvpZiwRS2PxdJ/HlERR7hggsdCv7+/vL8HKP9MTEJNIfmokPzWSnxrJT43kp0byUyP5qZH81Eh+av4cr3i9XhUPPgabfz335/rAfMKBbeMcXOMD3+vIcWL69lMj+amR/NScfX81GT8ae0TdOA8X7Eysu+VHLaPCXCdQtCx9+zjUv6nxxp7PWcafGslPTdz3G40M3Oc1GHzL49qmUfo5zy/97uYdeJ+jn/Z+lKhx1iLjT43kp2be+AMNadv+HjjgrIOYlz+Jyx8H/ofe3vIQe9jv76/I+FMj+an5eONv4WqfvcY5fG9zfCLGvPxeP2qJE3R+9Jn4xDgy/tRIfmrmjb/FUAP3zZl1wHHAqTmEicu/x4H9l7u5oWIDAcIlnaWfs4w/NZKfGrfx79xTuZ4VSM6+9cEVtf0Bej7n+aXfL1C5du/4KKrHxyLjT43kp2ad8Z+qrfM+d7wGEMJZ/uo1TiBWvy3kAFkejryUjD81kp+a8v7+bRuhbXELSOwh7HTWLf2uwOv4As+qCPvs+UrI+FMj+alZbfw799bhZyXz/cmhnsc5eijMvh9VG28p60Ad7dQc84fkMuB1jjL+1Eh+alL7fktN1YZNzoa9fmYOrtiAC8zSr6jG3ruGgIzfsL+3jNnztZHxp0byU/Pynq07xYY1hJfqDa19AnfEz/ULvFL1/hv1XNRZQG8nELimLh8h40+N5KemNeY/Va+3eRxLv1+43hDv+39oqE0r3R9n+gAfboeQzI/YkfGnRvJTk+rx60ykZijtp19yxnCM1qWfK2bgvQCVC0iOA3lH43zyXz8Zf2okPzUp4+/1qcljfN6SOdsnM453/PzF8Nu/Knx/pmcPta5J7umP4wRADaV9v4Ah+alZXefvIhkcda0JUIV7/bf/IiV/eI/uXX9V1N9Z5tMwpqveEJ6PkPGnRvJTA9v3X8n43eqavopYheXiil7B41CFPX7bjn3I5AKazxfaczaRjD81kp8an++v8E8N97p6EYvmgLoXy4p8/7GX78pgLt/7iMyzXHWO4WfJ+FMj+ak59/j9dXWv04Ib0j1O9whkzuA6/4A/Lt3fF8UewvvyqfqGMDL+1Eh+atz9/VOGC3Kw28cZ5ySFPX53T8r0/VfnEab2/VcazkVQvl+YkPzUwIx/RQ0/ag7e50LmGRjEMn9XjUKf778DEucPjO+69wr8/JzNyPhTI/mpGavz99b3VRjbzLk6U3TX+Wf88d0fK9IYxvHha4VBlO8XKSQ/Ne7z/L218aiALqovv6JGbypHkD+zaGzpV7o+yNCwBqzo63se/A4Zf2okPzUrzvOHNEhv26AbgSe7XWD6+5ulCtfA3wGcf7imofT8vjtk/KmR/NSU9Pejrs8wtRTw1hx48w6ufSk+3x/Of1fny1Fn8QKfVbEOwCLjT43kpwYf9K04Ry/2CBeWMbclfPOs6O9vu/dK9ZlClmsq7lW+X1iR/NSs+x2/Kb/uHac611B3kOuVsfP8IfnsitzBkpbWHmT8qZH81Kyo8++5MTYUqm/QS08+pfU3fNv6+y0AY/WZvvzwNQ/X25Hxp0byU4Px/ck4f8W+/Mp4rP7hBTPrj/x7rfspp831g8eLx//PvMj4UyP5qVln/Ktj/pk8qSXm/1lBYkx/f8bneY90QOW/m/sJS2skw+8i40+N5KfG3d+PAlXT5y3kqo4xoHIZPWcNrVv6VSyd4EdHfcSyzoKMPzWSn5p1xr+iDmCqxrBz/BjxHj8vwP23KxTR0CsPycejzk90IeNPjeSnJu77UYa6yCmO1OgFBp9dE6xb+l1xxQCq+/urzycwgn2ujD81kp+a1cb/jg3+O3+eLpBwMeBnyF8UG4ATyNPM/laQjD81kp+a1cY/41+9vfgQY1ux7y+tJVwt/1umavSubDtf6Cv6byHjT43kp+bzjH9RXD1jh133Jg0+NpfR2t/vGrbBv87uufPk5y/jT43kp2bst3xQB6iIBz445m90YKjzAEqPUazo64N8DWT8qZH81Jx9v/gfo28/NZKfGslPjeSnRvJTI/mpkfzUSH5qJD81kp+afwF5GTqK65m4GAAAAABJRU5ErkJggg=='),
('TICKET011', 'USER009', N'Buổi hòa nhạc cổ điển', 160000.0, N'20 Lý Thái Tổ, Hoàn Kiếm, Hà Nội', '2024-11-11', GETDATE(), GETDATE(), 1, 'TICKET011', N'Buổi hòa nhạc cổ điển tại Nhà Hát Lớn, nơi bạn sẽ thưởng thức những tác phẩm tuyệt vời.', 'iVBORw0KGgoAAAANSUhEUgAAAKoAAACqCAIAAACyFEPVAAAACXBIWXMAAA7EAAAOxAGVKw4bAAAGH0lEQVR4nO2d2XLrOAxE46n7/7+ceUvpZiwRS2PxdJ/HlERR7hggsdCv7+/vL8HKP9MTEJNIfmokPzWSnxrJT43kp0byUyP5qZH81Eh+av4cr3i9XhUPPgabfz335/rAfMKBbeMcXOMD3+vIcWL69lMj+amR/NScfX81GT8ae0TdOA8X7Eysu+VHLaPCXCdQtCx9+zjUv6nxxp7PWcafGslPTdz3G40M3Oc1GHzL49qmUfo5zy/97uYdeJ+jn/Z+lKhx1iLjT43kp2be+AMNadv+HjjgrIOYlz+Jyx8H/ofe3vIQe9jv76/I+FMj+an5eONv4WqfvcY5fG9zfCLGvPxeP2qJE3R+9Jn4xDgy/tRIfmrmjb/FUAP3zZl1wHHAqTmEicu/x4H9l7u5oWIDAcIlnaWfs4w/NZKfGrfx79xTuZ4VSM6+9cEVtf0Bej7n+aXfL1C5du/4KKrHxyLjT43kp2ad8Z+qrfM+d7wGEMJZ/uo1TiBWvy3kAFkejryUjD81kp+a8v7+bRuhbXELSOwh7HTWLf2uwOv4As+qCPvs+UrI+FMj+alZbfw799bhZyXz/cmhnsc5eijMvh9VG28p60Ad7dQc84fkMuB1jjL+1Eh+alL7fktN1YZNzoa9fmYOrtiAC8zSr6jG3ruGgIzfsL+3jNnztZHxp0byU/Pynq07xYY1hJfqDa19AnfEz/ULvFL1/hv1XNRZQG8nELimLh8h40+N5KemNeY/Va+3eRxLv1+43hDv+39oqE0r3R9n+gAfboeQzI/YkfGnRvJTk+rx60ykZijtp19yxnCM1qWfK2bgvQCVC0iOA3lH43zyXz8Zf2okPzUp4+/1qcljfN6SOdsnM453/PzF8Nu/Knx/pmcPta5J7umP4wRADaV9v4Ah+alZXefvIhkcda0JUIV7/bf/IiV/eI/uXX9V1N9Z5tMwpqveEJ6PkPGnRvJTA9v3X8n43eqavopYheXiil7B41CFPX7bjn3I5AKazxfaczaRjD81kp8an++v8E8N97p6EYvmgLoXy4p8/7GX78pgLt/7iMyzXHWO4WfJ+FMj+ak59/j9dXWv04Ib0j1O9whkzuA6/4A/Lt3fF8UewvvyqfqGMDL+1Eh+atz9/VOGC3Kw28cZ5ySFPX53T8r0/VfnEab2/VcazkVQvl+YkPzUwIx/RQ0/ag7e50LmGRjEMn9XjUKf778DEucPjO+69wr8/JzNyPhTI/mpGavz99b3VRjbzLk6U3TX+Wf88d0fK9IYxvHha4VBlO8XKSQ/Ne7z/L218aiALqovv6JGbypHkD+zaGzpV7o+yNCwBqzo63se/A4Zf2okPzUrzvOHNEhv26AbgSe7XWD6+5ulCtfA3wGcf7imofT8vjtk/KmR/NSU9Pejrs8wtRTw1hx48w6ufSk+3x/Of1fny1Fn8QKfVbEOwCLjT43kpwYf9K04Ry/2CBeWMbclfPOs6O9vu/dK9ZlClmsq7lW+X1iR/NSs+x2/Kb/uHac611B3kOuVsfP8IfnsitzBkpbWHmT8qZH81Kyo8++5MTYUqm/QS08+pfU3fNv6+y0AY/WZvvzwNQ/X25Hxp0byU4Px/ck4f8W+/Mp4rP7hBTPrj/x7rfspp831g8eLx//PvMj4UyP5qVln/Ktj/pk8qSXm/1lBYkx/f8bneY90QOW/m/sJS2skw+8i40+N5KfG3d+PAlXT5y3kqo4xoHIZPWcNrVv6VSyd4EdHfcSyzoKMPzWSn5p1xr+iDmCqxrBz/BjxHj8vwP23KxTR0CsPycejzk90IeNPjeSnJu77UYa6yCmO1OgFBp9dE6xb+l1xxQCq+/urzycwgn2ujD81kp+a1cb/jg3+O3+eLpBwMeBnyF8UG4ATyNPM/laQjD81kp+a1cY/41+9vfgQY1ux7y+tJVwt/1umavSubDtf6Cv6byHjT43kp+bzjH9RXD1jh133Jg0+NpfR2t/vGrbBv87uufPk5y/jT43kp2bst3xQB6iIBz445m90YKjzAEqPUazo64N8DWT8qZH81Jx9v/gfo28/NZKfGslPjeSnRvJTI/mpkfzUSH5qJD81kp+afwF5GTqK65m4GAAAAABJRU5ErkJggg=='),
('TICKET012', 'USER009', N'Chương trình ca nhạc thiếu nhi', 80000.0, N'5 Trương Định, Hai Bà Trưng, Hà Nội', '2024-11-12', GETDATE(), GETDATE(), 1, 'TICKET012',N'Chương trình ca nhạc dành cho trẻ em tại Trung tâm Văn hóa Thiếu nhi.', 'iVBORw0KGgoAAAANSUhEUgAAAKoAAACqCAIAAACyFEPVAAAACXBIWXMAAA7EAAAOxAGVKw4bAAAGH0lEQVR4nO2d2XLrOAxE46n7/7+ceUvpZiwRS2PxdJ/HlERR7hggsdCv7+/vL8HKP9MTEJNIfmokPzWSnxrJT43kp0byUyP5qZH81Eh+av4cr3i9XhUPPgabfz335/rAfMKBbeMcXOMD3+vIcWL69lMj+amR/NScfX81GT8ae0TdOA8X7Eysu+VHLaPCXCdQtCx9+zjUv6nxxp7PWcafGslPTdz3G40M3Oc1GHzL49qmUfo5zy/97uYdeJ+jn/Z+lKhx1iLjT43kp2be+AMNadv+HjjgrIOYlz+Jyx8H/ofe3vIQe9jv76/I+FMj+an5eONv4WqfvcY5fG9zfCLGvPxeP2qJE3R+9Jn4xDgy/tRIfmrmjb/FUAP3zZl1wHHAqTmEicu/x4H9l7u5oWIDAcIlnaWfs4w/NZKfGrfx79xTuZ4VSM6+9cEVtf0Bej7n+aXfL1C5du/4KKrHxyLjT43kp2ad8Z+qrfM+d7wGEMJZ/uo1TiBWvy3kAFkejryUjD81kp+a8v7+bRuhbXELSOwh7HTWLf2uwOv4As+qCPvs+UrI+FMj+alZbfw799bhZyXz/cmhnsc5eijMvh9VG28p60Ad7dQc84fkMuB1jjL+1Eh+alL7fktN1YZNzoa9fmYOrtiAC8zSr6jG3ruGgIzfsL+3jNnztZHxp0byU/Pynq07xYY1hJfqDa19AnfEz/ULvFL1/hv1XNRZQG8nELimLh8h40+N5KemNeY/Va+3eRxLv1+43hDv+39oqE0r3R9n+gAfboeQzI/YkfGnRvJTk+rx60ykZijtp19yxnCM1qWfK2bgvQCVC0iOA3lH43zyXz8Zf2okPzUp4+/1qcljfN6SOdsnM453/PzF8Nu/Knx/pmcPta5J7umP4wRADaV9v4Ah+alZXefvIhkcda0JUIV7/bf/IiV/eI/uXX9V1N9Z5tMwpqveEJ6PkPGnRvJTA9v3X8n43eqavopYheXiil7B41CFPX7bjn3I5AKazxfaczaRjD81kp8an++v8E8N97p6EYvmgLoXy4p8/7GX78pgLt/7iMyzXHWO4WfJ+FMj+ak59/j9dXWv04Ib0j1O9whkzuA6/4A/Lt3fF8UewvvyqfqGMDL+1Eh+atz9/VOGC3Kw28cZ5ySFPX53T8r0/VfnEab2/VcazkVQvl+YkPzUwIx/RQ0/ag7e50LmGRjEMn9XjUKf778DEucPjO+69wr8/JzNyPhTI/mpGavz99b3VRjbzLk6U3TX+Wf88d0fK9IYxvHha4VBlO8XKSQ/Ne7z/L218aiALqovv6JGbypHkD+zaGzpV7o+yNCwBqzo63se/A4Zf2okPzUrzvOHNEhv26AbgSe7XWD6+5ulCtfA3wGcf7imofT8vjtk/KmR/NSU9Pejrs8wtRTw1hx48w6ufSk+3x/Of1fny1Fn8QKfVbEOwCLjT43kpwYf9K04Ry/2CBeWMbclfPOs6O9vu/dK9ZlClmsq7lW+X1iR/NSs+x2/Kb/uHac611B3kOuVsfP8IfnsitzBkpbWHmT8qZH81Kyo8++5MTYUqm/QS08+pfU3fNv6+y0AY/WZvvzwNQ/X25Hxp0byU4Px/ck4f8W+/Mp4rP7hBTPrj/x7rfspp831g8eLx//PvMj4UyP5qVln/Ktj/pk8qSXm/1lBYkx/f8bneY90QOW/m/sJS2skw+8i40+N5KfG3d+PAlXT5y3kqo4xoHIZPWcNrVv6VSyd4EdHfcSyzoKMPzWSn5p1xr+iDmCqxrBz/BjxHj8vwP23KxTR0CsPycejzk90IeNPjeSnJu77UYa6yCmO1OgFBp9dE6xb+l1xxQCq+/urzycwgn2ujD81kp+a1cb/jg3+O3+eLpBwMeBnyF8UG4ATyNPM/laQjD81kp+a1cY/41+9vfgQY1ux7y+tJVwt/1umavSubDtf6Cv6byHjT43kp+bzjH9RXD1jh133Jg0+NpfR2t/vGrbBv87uufPk5y/jT43kp2bst3xQB6iIBz445m90YKjzAEqPUazo64N8DWT8qZH81Jx9v/gfo28/NZKfGslPjeSnRvJTI/mpkfzUSH5qJD81kp+afwF5GTqK65m4GAAAAABJRU5ErkJggg=='),
('TICKET013', 'USER010', N'Lễ hội ẩm thực Việt Nam', 95000.0, N'10 Lê Lai, Quận 1, TP. Hồ Chí Minh', '2024-11-13', GETDATE(), GETDATE(), 1, 'TICKET013', N'Lễ hội ẩm thực Việt Nam với nhiều món ăn đặc sắc và đa dạng.', 'iVBORw0KGgoAAAANSUhEUgAAAKoAAACqCAIAAACyFEPVAAAACXBIWXMAAA7EAAAOxAGVKw4bAAAGH0lEQVR4nO2d2XLrOAxE46n7/7+ceUvpZiwRS2PxdJ/HlERR7hggsdCv7+/vL8HKP9MTEJNIfmokPzWSnxrJT43kp0byUyP5qZH81Eh+av4cr3i9XhUPPgabfz335/rAfMKBbeMcXOMD3+vIcWL69lMj+amR/NScfX81GT8ae0TdOA8X7Eysu+VHLaPCXCdQtCx9+zjUv6nxxp7PWcafGslPTdz3G40M3Oc1GHzL49qmUfo5zy/97uYdeJ+jn/Z+lKhx1iLjT43kp2be+AMNadv+HjjgrIOYlz+Jyx8H/ofe3vIQe9jv76/I+FMj+an5eONv4WqfvcY5fG9zfCLGvPxeP2qJE3R+9Jn4xDgy/tRIfmrmjb/FUAP3zZl1wHHAqTmEicu/x4H9l7u5oWIDAcIlnaWfs4w/NZKfGrfx79xTuZ4VSM6+9cEVtf0Bej7n+aXfL1C5du/4KKrHxyLjT43kp2ad8Z+qrfM+d7wGEMJZ/uo1TiBWvy3kAFkejryUjD81kp+a8v7+bRuhbXELSOwh7HTWLf2uwOv4As+qCPvs+UrI+FMj+alZbfw799bhZyXz/cmhnsc5eijMvh9VG28p60Ad7dQc84fkMuB1jjL+1Eh+alL7fktN1YZNzoa9fmYOrtiAC8zSr6jG3ruGgIzfsL+3jNnztZHxp0byU/Pynq07xYY1hJfqDa19AnfEz/ULvFL1/hv1XNRZQG8nELimLh8h40+N5KemNeY/Va+3eRxLv1+43hDv+39oqE0r3R9n+gAfboeQzI/YkfGnRvJTk+rx60ykZijtp19yxnCM1qWfK2bgvQCVC0iOA3lH43zyXz8Zf2okPzUp4+/1qcljfN6SOdsnM453/PzF8Nu/Knx/pmcPta5J7umP4wRADaV9v4Ah+alZXefvIhkcda0JUIV7/bf/IiV/eI/uXX9V1N9Z5tMwpqveEJ6PkPGnRvJTA9v3X8n43eqavopYheXiil7B41CFPX7bjn3I5AKazxfaczaRjD81kp8an++v8E8N97p6EYvmgLoXy4p8/7GX78pgLt/7iMyzXHWO4WfJ+FMj+ak59/j9dXWv04Ib0j1O9whkzuA6/4A/Lt3fF8UewvvyqfqGMDL+1Eh+atz9/VOGC3Kw28cZ5ySFPX53T8r0/VfnEab2/VcazkVQvl+YkPzUwIx/RQ0/ag7e50LmGRjEMn9XjUKf778DEucPjO+69wr8/JzNyPhTI/mpGavz99b3VRjbzLk6U3TX+Wf88d0fK9IYxvHha4VBlO8XKSQ/Ne7z/L218aiALqovv6JGbypHkD+zaGzpV7o+yNCwBqzo63se/A4Zf2okPzUrzvOHNEhv26AbgSe7XWD6+5ulCtfA3wGcf7imofT8vjtk/KmR/NSU9Pejrs8wtRTw1hx48w6ufSk+3x/Of1fny1Fn8QKfVbEOwCLjT43kpwYf9K04Ry/2CBeWMbclfPOs6O9vu/dK9ZlClmsq7lW+X1iR/NSs+x2/Kb/uHac611B3kOuVsfP8IfnsitzBkpbWHmT8qZH81Kyo8++5MTYUqm/QS08+pfU3fNv6+y0AY/WZvvzwNQ/X25Hxp0byU4Px/ck4f8W+/Mp4rP7hBTPrj/x7rfspp831g8eLx//PvMj4UyP5qVln/Ktj/pk8qSXm/1lBYkx/f8bneY90QOW/m/sJS2skw+8i40+N5KfG3d+PAlXT5y3kqo4xoHIZPWcNrVv6VSyd4EdHfcSyzoKMPzWSn5p1xr+iDmCqxrBz/BjxHj8vwP23KxTR0CsPycejzk90IeNPjeSnJu77UYa6yCmO1OgFBp9dE6xb+l1xxQCq+/urzycwgn2ujD81kp+a1cb/jg3+O3+eLpBwMeBnyF8UG4ATyNPM/laQjD81kp+a1cY/41+9vfgQY1ux7y+tJVwt/1umavSubDtf6Cv6byHjT43kp+bzjH9RXD1jh133Jg0+NpfR2t/vGrbBv87uufPk5y/jT43kp2bst3xQB6iIBz445m90YKjzAEqPUazo64N8DWT8qZH81Jx9v/gfo28/NZKfGslPjeSnRvJTI/mpkfzUSH5qJD81kp+afwF5GTqK65m4GAAAAABJRU5ErkJggg=='),
('TICKET014', 'USER010', N'Triển lãm du lịch 2024', 200000.0, N'30 Nguyễn Thị Minh Khai, Quận 3, TP. Hồ Chí Minh', '2024-11-14', GETDATE(), GETDATE(), 1, 'TICKET014', N'Triển lãm du lịch 2024 tại Trung tâm Hội nghị Quốc gia.', 'iVBORw0KGgoAAAANSUhEUgAAAKoAAACqCAIAAACyFEPVAAAACXBIWXMAAA7EAAAOxAGVKw4bAAAGH0lEQVR4nO2d2XLrOAxE46n7/7+ceUvpZiwRS2PxdJ/HlERR7hggsdCv7+/vL8HKP9MTEJNIfmokPzWSnxrJT43kp0byUyP5qZH81Eh+av4cr3i9XhUPPgabfz335/rAfMKBbeMcXOMD3+vIcWL69lMj+amR/NScfX81GT8ae0TdOA8X7Eysu+VHLaPCXCdQtCx9+zjUv6nxxp7PWcafGslPTdz3G40M3Oc1GHzL49qmUfo5zy/97uYdeJ+jn/Z+lKhx1iLjT43kp2be+AMNadv+HjjgrIOYlz+Jyx8H/ofe3vIQe9jv76/I+FMj+an5eONv4WqfvcY5fG9zfCLGvPxeP2qJE3R+9Jn4xDgy/tRIfmrmjb/FUAP3zZl1wHHAqTmEicu/x4H9l7u5oWIDAcIlnaWfs4w/NZKfGrfx79xTuZ4VSM6+9cEVtf0Bej7n+aXfL1C5du/4KKrHxyLjT43kp2ad8Z+qrfM+d7wGEMJZ/uo1TiBWvy3kAFkejryUjD81kp+a8v7+bRuhbXELSOwh7HTWLf2uwOv4As+qCPvs+UrI+FMj+alZbfw799bhZyXz/cmhnsc5eijMvh9VG28p60Ad7dQc84fkMuB1jjL+1Eh+alL7fktN1YZNzoa9fmYOrtiAC8zSr6jG3ruGgIzfsL+3jNnztZHxp0byU/Pynq07xYY1hJfqDa19AnfEz/ULvFL1/hv1XNRZQG8nELimLh8h40+N5KemNeY/Va+3eRxLv1+43hDv+39oqE0r3R9n+gAfboeQzI/YkfGnRvJTk+rx60ykZijtp19yxnCM1qWfK2bgvQCVC0iOA3lH43zyXz8Zf2okPzUp4+/1qcljfN6SOdsnM453/PzF8Nu/Knx/pmcPta5J7umP4wRADaV9v4Ah+alZXefvIhkcda0JUIV7/bf/IiV/eI/uXX9V1N9Z5tMwpqveEJ6PkPGnRvJTA9v3X8n43eqavopYheXiil7B41CFPX7bjn3I5AKazxfaczaRjD81kp8an++v8E8N97p6EYvmgLoXy4p8/7GX78pgLt/7iMyzXHWO4WfJ+FMj+ak59/j9dXWv04Ib0j1O9whkzuA6/4A/Lt3fF8UewvvyqfqGMDL+1Eh+atz9/VOGC3Kw28cZ5ySFPX53T8r0/VfnEab2/VcazkVQvl+YkPzUwIx/RQ0/ag7e50LmGRjEMn9XjUKf778DEucPjO+69wr8/JzNyPhTI/mpGavz99b3VRjbzLk6U3TX+Wf88d0fK9IYxvHha4VBlO8XKSQ/Ne7z/L218aiALqovv6JGbypHkD+zaGzpV7o+yNCwBqzo63se/A4Zf2okPzUrzvOHNEhv26AbgSe7XWD6+5ulCtfA3wGcf7imofT8vjtk/KmR/NSU9Pejrs8wtRTw1hx48w6ufSk+3x/Of1fny1Fn8QKfVbEOwCLjT43kpwYf9K04Ry/2CBeWMbclfPOs6O9vu/dK9ZlClmsq7lW+X1iR/NSs+x2/Kb/uHac611B3kOuVsfP8IfnsitzBkpbWHmT8qZH81Kyo8++5MTYUqm/QS08+pfU3fNv6+y0AY/WZvvzwNQ/X25Hxp0byU4Px/ck4f8W+/Mp4rP7hBTPrj/x7rfspp831g8eLx//PvMj4UyP5qVln/Ktj/pk8qSXm/1lBYkx/f8bneY90QOW/m/sJS2skw+8i40+N5KfG3d+PAlXT5y3kqo4xoHIZPWcNrVv6VSyd4EdHfcSyzoKMPzWSn5p1xr+iDmCqxrBz/BjxHj8vwP23KxTR0CsPycejzk90IeNPjeSnJu77UYa6yCmO1OgFBp9dE6xb+l1xxQCq+/urzycwgn2ujD81kp+a1cb/jg3+O3+eLpBwMeBnyF8UG4ATyNPM/laQjD81kp+a1cY/41+9vfgQY1ux7y+tJVwt/1umavSubDtf6Cv6byHjT43kp+bzjH9RXD1jh133Jg0+NpfR2t/vGrbBv87uufPk5y/jT43kp2bst3xQB6iIBz445m90YKjzAEqPUazo64N8DWT8qZH81Jx9v/gfo28/NZKfGslPjeSnRvJTI/mpkfzUSH5qJD81kp+afwF5GTqK65m4GAAAAABJRU5ErkJggg=='),
('TICKET015', 'USER001', N'Show diễn thời trang mùa thu', 220000.0, N'25 Phan Đình Phùng, Phú Nhuận, TP. Hồ Chí Minh', '2024-11-15', GETDATE(), GETDATE(), 1, 'TICKET015', N'Show diễn thời trang với sự góp mặt của nhiều nhà thiết kế nổi tiếng.', 'iVBORw0KGgoAAAANSUhEUgAAAKoAAACqCAIAAACyFEPVAAAACXBIWXMAAA7EAAAOxAGVKw4bAAAGH0lEQVR4nO2d2XLrOAxE46n7/7+ceUvpZiwRS2PxdJ/HlERR7hggsdCv7+/vL8HKP9MTEJNIfmokPzWSnxrJT43kp0byUyP5qZH81Eh+av4cr3i9XhUPPgabfz335/rAfMKBbeMcXOMD3+vIcWL69lMj+amR/NScfX81GT8ae0TdOA8X7Eysu+VHLaPCXCdQtCx9+zjUv6nxxp7PWcafGslPTdz3G40M3Oc1GHzL49qmUfo5zy/97uYdeJ+jn/Z+lKhx1iLjT43kp2be+AMNadv+HjjgrIOYlz+Jyx8H/ofe3vIQe9jv76/I+FMj+an5eONv4WqfvcY5fG9zfCLGvPxeP2qJE3R+9Jn4xDgy/tRIfmrmjb/FUAP3zZl1wHHAqTmEicu/x4H9l7u5oWIDAcIlnaWfs4w/NZKfGrfx79xTuZ4VSM6+9cEVtf0Bej7n+aXfL1C5du/4KKrHxyLjT43kp2ad8Z+qrfM+d7wGEMJZ/uo1TiBWvy3kAFkejryUjD81kp+a8v7+bRuhbXELSOwh7HTWLf2uwOv4As+qCPvs+UrI+FMj+alZbfw799bhZyXz/cmhnsc5eijMvh9VG28p60Ad7dQc84fkMuB1jjL+1Eh+alL7fktN1YZNzoa9fmYOrtiAC8zSr6jG3ruGgIzfsL+3jNnztZHxp0byU/Pynq07xYY1hJfqDa19AnfEz/ULvFL1/hv1XNRZQG8nELimLh8h40+N5KemNeY/Va+3eRxLv1+43hDv+39oqE0r3R9n+gAfboeQzI/YkfGnRvJTk+rx60ykZijtp19yxnCM1qWfK2bgvQCVC0iOA3lH43zyXz8Zf2okPzUp4+/1qcljfN6SOdsnM453/PzF8Nu/Knx/pmcPta5J7umP4wRADaV9v4Ah+alZXefvIhkcda0JUIV7/bf/IiV/eI/uXX9V1N9Z5tMwpqveEJ6PkPGnRvJTA9v3X8n43eqavopYheXiil7B41CFPX7bjn3I5AKazxfaczaRjD81kp8an++v8E8N97p6EYvmgLoXy4p8/7GX78pgLt/7iMyzXHWO4WfJ+FMj+ak59/j9dXWv04Ib0j1O9whkzuA6/4A/Lt3fF8UewvvyqfqGMDL+1Eh+atz9/VOGC3Kw28cZ5ySFPX53T8r0/VfnEab2/VcazkVQvl+YkPzUwIx/RQ0/ag7e50LmGRjEMn9XjUKf778DEucPjO+69wr8/JzNyPhTI/mpGavz99b3VRjbzLk6U3TX+Wf88d0fK9IYxvHha4VBlO8XKSQ/Ne7z/L218aiALqovv6JGbypHkD+zaGzpV7o+yNCwBqzo63se/A4Zf2okPzUrzvOHNEhv26AbgSe7XWD6+5ulCtfA3wGcf7imofT8vjtk/KmR/NSU9Pejrs8wtRTw1hx48w6ufSk+3x/Of1fny1Fn8QKfVbEOwCLjT43kpwYf9K04Ry/2CBeWMbclfPOs6O9vu/dK9ZlClmsq7lW+X1iR/NSs+x2/Kb/uHac611B3kOuVsfP8IfnsitzBkpbWHmT8qZH81Kyo8++5MTYUqm/QS08+pfU3fNv6+y0AY/WZvvzwNQ/X25Hxp0byU4Px/ck4f8W+/Mp4rP7hBTPrj/x7rfspp831g8eLx//PvMj4UyP5qVln/Ktj/pk8qSXm/1lBYkx/f8bneY90QOW/m/sJS2skw+8i40+N5KfG3d+PAlXT5y3kqo4xoHIZPWcNrVv6VSyd4EdHfcSyzoKMPzWSn5p1xr+iDmCqxrBz/BjxHj8vwP23KxTR0CsPycejzk90IeNPjeSnJu77UYa6yCmO1OgFBp9dE6xb+l1xxQCq+/urzycwgn2ujD81kp+a1cb/jg3+O3+eLpBwMeBnyF8UG4ATyNPM/laQjD81kp+a1cY/41+9vfgQY1ux7y+tJVwt/1umavSubDtf6Cv6byHjT43kp+bzjH9RXD1jh133Jg0+NpfR2t/vGrbBv87uufPk5y/jT43kp2bst3xQB6iIBz445m90YKjzAEqPUazo64N8DWT8qZH81Jx9v/gfo28/NZKfGslPjeSnRvJTI/mpkfzUSH5qJD81kp+afwF5GTqK65m4GAAAAABJRU5ErkJggg=='),
('TICKET016', 'USER001', N'Giải bóng rổ TP. Hồ Chí Minh', 180000.0, N'18 Nguyễn Huệ, Quận 1, TP. Hồ Chí Minh', '2024-11-16', GETDATE(), GETDATE(), 1, 'TICKET016', N'Giải bóng rổ TP. Hồ Chí Minh tại Sân vận động Phú Thọ.', 'iVBORw0KGgoAAAANSUhEUgAAAKoAAACqCAIAAACyFEPVAAAACXBIWXMAAA7EAAAOxAGVKw4bAAAGH0lEQVR4nO2d2XLrOAxE46n7/7+ceUvpZiwRS2PxdJ/HlERR7hggsdCv7+/vL8HKP9MTEJNIfmokPzWSnxrJT43kp0byUyP5qZH81Eh+av4cr3i9XhUPPgabfz335/rAfMKBbeMcXOMD3+vIcWL69lMj+amR/NScfX81GT8ae0TdOA8X7Eysu+VHLaPCXCdQtCx9+zjUv6nxxp7PWcafGslPTdz3G40M3Oc1GHzL49qmUfo5zy/97uYdeJ+jn/Z+lKhx1iLjT43kp2be+AMNadv+HjjgrIOYlz+Jyx8H/ofe3vIQe9jv76/I+FMj+an5eONv4WqfvcY5fG9zfCLGvPxeP2qJE3R+9Jn4xDgy/tRIfmrmjb/FUAP3zZl1wHHAqTmEicu/x4H9l7u5oWIDAcIlnaWfs4w/NZKfGrfx79xTuZ4VSM6+9cEVtf0Bej7n+aXfL1C5du/4KKrHxyLjT43kp2ad8Z+qrfM+d7wGEMJZ/uo1TiBWvy3kAFkejryUjD81kp+a8v7+bRuhbXELSOwh7HTWLf2uwOv4As+qCPvs+UrI+FMj+alZbfw799bhZyXz/cmhnsc5eijMvh9VG28p60Ad7dQc84fkMuB1jjL+1Eh+alL7fktN1YZNzoa9fmYOrtiAC8zSr6jG3ruGgIzfsL+3jNnztZHxp0byU/Pynq07xYY1hJfqDa19AnfEz/ULvFL1/hv1XNRZQG8nELimLh8h40+N5KemNeY/Va+3eRxLv1+43hDv+39oqE0r3R9n+gAfboeQzI/YkfGnRvJTk+rx60ykZijtp19yxnCM1qWfK2bgvQCVC0iOA3lH43zyXz8Zf2okPzUp4+/1qcljfN6SOdsnM453/PzF8Nu/Knx/pmcPta5J7umP4wRADaV9v4Ah+alZXefvIhkcda0JUIV7/bf/IiV/eI/uXX9V1N9Z5tMwpqveEJ6PkPGnRvJTA9v3X8n43eqavopYheXiil7B41CFPX7bjn3I5AKazxfaczaRjD81kp8an++v8E8N97p6EYvmgLoXy4p8/7GX78pgLt/7iMyzXHWO4WfJ+FMj+ak59/j9dXWv04Ib0j1O9whkzuA6/4A/Lt3fF8UewvvyqfqGMDL+1Eh+atz9/VOGC3Kw28cZ5ySFPX53T8r0/VfnEab2/VcazkVQvl+YkPzUwIx/RQ0/ag7e50LmGRjEMn9XjUKf778DEucPjO+69wr8/JzNyPhTI/mpGavz99b3VRjbzLk6U3TX+Wf88d0fK9IYxvHha4VBlO8XKSQ/Ne7z/L218aiALqovv6JGbypHkD+zaGzpV7o+yNCwBqzo63se/A4Zf2okPzUrzvOHNEhv26AbgSe7XWD6+5ulCtfA3wGcf7imofT8vjtk/KmR/NSU9Pejrs8wtRTw1hx48w6ufSk+3x/Of1fny1Fn8QKfVbEOwCLjT43kpwYf9K04Ry/2CBeWMbclfPOs6O9vu/dK9ZlClmsq7lW+X1iR/NSs+x2/Kb/uHac611B3kOuVsfP8IfnsitzBkpbWHmT8qZH81Kyo8++5MTYUqm/QS08+pfU3fNv6+y0AY/WZvvzwNQ/X25Hxp0byU4Px/ck4f8W+/Mp4rP7hBTPrj/x7rfspp831g8eLx//PvMj4UyP5qVln/Ktj/pk8qSXm/1lBYkx/f8bneY90QOW/m/sJS2skw+8i40+N5KfG3d+PAlXT5y3kqo4xoHIZPWcNrVv6VSyd4EdHfcSyzoKMPzWSn5p1xr+iDmCqxrBz/BjxHj8vwP23KxTR0CsPycejzk90IeNPjeSnJu77UYa6yCmO1OgFBp9dE6xb+l1xxQCq+/urzycwgn2ujD81kp+a1cb/jg3+O3+eLpBwMeBnyF8UG4ATyNPM/laQjD81kp+a1cY/41+9vfgQY1ux7y+tJVwt/1umavSubDtf6Cv6byHjT43kp+bzjH9RXD1jh133Jg0+NpfR2t/vGrbBv87uufPk5y/jT43kp2bst3xQB6iIBz445m90YKjzAEqPUazo64N8DWT8qZH81Jx9v/gfo28/NZKfGslPjeSnRvJTI/mpkfzUSH5qJD81kp+afwF5GTqK65m4GAAAAABJRU5ErkJggg=='),
('TICKET017', 'USER002', N'Chương trình hài kịch Việt', 75000.0, N'8 Tôn Đức Thắng, Đống Đa, Hà Nội', '2024-11-17', GETDATE(), GETDATE(), 1, 'TICKET017', N'Chương trình hài kịch với các nghệ sĩ hài nổi tiếng.', 'iVBORw0KGgoAAAANSUhEUgAAAKoAAACqCAIAAACyFEPVAAAACXBIWXMAAA7EAAAOxAGVKw4bAAAGH0lEQVR4nO2d2XLrOAxE46n7/7+ceUvpZiwRS2PxdJ/HlERR7hggsdCv7+/vL8HKP9MTEJNIfmokPzWSnxrJT43kp0byUyP5qZH81Eh+av4cr3i9XhUPPgabfz335/rAfMKBbeMcXOMD3+vIcWL69lMj+amR/NScfX81GT8ae0TdOA8X7Eysu+VHLaPCXCdQtCx9+zjUv6nxxp7PWcafGslPTdz3G40M3Oc1GHzL49qmUfo5zy/97uYdeJ+jn/Z+lKhx1iLjT43kp2be+AMNadv+HjjgrIOYlz+Jyx8H/ofe3vIQe9jv76/I+FMj+an5eONv4WqfvcY5fG9zfCLGvPxeP2qJE3R+9Jn4xDgy/tRIfmrmjb/FUAP3zZl1wHHAqTmEicu/x4H9l7u5oWIDAcIlnaWfs4w/NZKfGrfx79xTuZ4VSM6+9cEVtf0Bej7n+aXfL1C5du/4KKrHxyLjT43kp2ad8Z+qrfM+d7wGEMJZ/uo1TiBWvy3kAFkejryUjD81kp+a8v7+bRuhbXELSOwh7HTWLf2uwOv4As+qCPvs+UrI+FMj+alZbfw799bhZyXz/cmhnsc5eijMvh9VG28p60Ad7dQc84fkMuB1jjL+1Eh+alL7fktN1YZNzoa9fmYOrtiAC8zSr6jG3ruGgIzfsL+3jNnztZHxp0byU/Pynq07xYY1hJfqDa19AnfEz/ULvFL1/hv1XNRZQG8nELimLh8h40+N5KemNeY/Va+3eRxLv1+43hDv+39oqE0r3R9n+gAfboeQzI/YkfGnRvJTk+rx60ykZijtp19yxnCM1qWfK2bgvQCVC0iOA3lH43zyXz8Zf2okPzUp4+/1qcljfN6SOdsnM453/PzF8Nu/Knx/pmcPta5J7umP4wRADaV9v4Ah+alZXefvIhkcda0JUIV7/bf/IiV/eI/uXX9V1N9Z5tMwpqveEJ6PkPGnRvJTA9v3X8n43eqavopYheXiil7B41CFPX7bjn3I5AKazxfaczaRjD81kp8an++v8E8N97p6EYvmgLoXy4p8/7GX78pgLt/7iMyzXHWO4WfJ+FMj+ak59/j9dXWv04Ib0j1O9whkzuA6/4A/Lt3fF8UewvvyqfqGMDL+1Eh+atz9/VOGC3Kw28cZ5ySFPX53T8r0/VfnEab2/VcazkVQvl+YkPzUwIx/RQ0/ag7e50LmGRjEMn9XjUKf778DEucPjO+69wr8/JzNyPhTI/mpGavz99b3VRjbzLk6U3TX+Wf88d0fK9IYxvHha4VBlO8XKSQ/Ne7z/L218aiALqovv6JGbypHkD+zaGzpV7o+yNCwBqzo63se/A4Zf2okPzUrzvOHNEhv26AbgSe7XWD6+5ulCtfA3wGcf7imofT8vjtk/KmR/NSU9Pejrs8wtRTw1hx48w6ufSk+3x/Of1fny1Fn8QKfVbEOwCLjT43kpwYf9K04Ry/2CBeWMbclfPOs6O9vu/dK9ZlClmsq7lW+X1iR/NSs+x2/Kb/uHac611B3kOuVsfP8IfnsitzBkpbWHmT8qZH81Kyo8++5MTYUqm/QS08+pfU3fNv6+y0AY/WZvvzwNQ/X25Hxp0byU4Px/ck4f8W+/Mp4rP7hBTPrj/x7rfspp831g8eLx//PvMj4UyP5qVln/Ktj/pk8qSXm/1lBYkx/f8bneY90QOW/m/sJS2skw+8i40+N5KfG3d+PAlXT5y3kqo4xoHIZPWcNrVv6VSyd4EdHfcSyzoKMPzWSn5p1xr+iDmCqxrBz/BjxHj8vwP23KxTR0CsPycejzk90IeNPjeSnJu77UYa6yCmO1OgFBp9dE6xb+l1xxQCq+/urzycwgn2ujD81kp+a1cb/jg3+O3+eLpBwMeBnyF8UG4ATyNPM/laQjD81kp+a1cY/41+9vfgQY1ux7y+tJVwt/1umavSubDtf6Cv6byHjT43kp+bzjH9RXD1jh133Jg0+NpfR2t/vGrbBv87uufPk5y/jT43kp2bst3xQB6iIBz445m90YKjzAEqPUazo64N8DWT8qZH81Jx9v/gfo28/NZKfGslPjeSnRvJTI/mpkfzUSH5qJD81kp+afwF5GTqK65m4GAAAAABJRU5ErkJggg=='),
('TICKET018', 'USER002', N'Buổi diễn kịch kinh điển', 130000.0, N'12 Lê Hồng Phong, Quận 10, TP. Hồ Chí Minh', '2024-11-18', GETDATE(), GETDATE(), 1, 'TICKET018', N'Buổi diễn kịch kinh điển tại Nhà Hát Hòa Bình.', 'iVBORw0KGgoAAAANSUhEUgAAAKoAAACqCAIAAACyFEPVAAAACXBIWXMAAA7EAAAOxAGVKw4bAAAGH0lEQVR4nO2d2XLrOAxE46n7/7+ceUvpZiwRS2PxdJ/HlERR7hggsdCv7+/vL8HKP9MTEJNIfmokPzWSnxrJT43kp0byUyP5qZH81Eh+av4cr3i9XhUPPgabfz335/rAfMKBbeMcXOMD3+vIcWL69lMj+amR/NScfX81GT8ae0TdOA8X7Eysu+VHLaPCXCdQtCx9+zjUv6nxxp7PWcafGslPTdz3G40M3Oc1GHzL49qmUfo5zy/97uYdeJ+jn/Z+lKhx1iLjT43kp2be+AMNadv+HjjgrIOYlz+Jyx8H/ofe3vIQe9jv76/I+FMj+an5eONv4WqfvcY5fG9zfCLGvPxeP2qJE3R+9Jn4xDgy/tRIfmrmjb/FUAP3zZl1wHHAqTmEicu/x4H9l7u5oWIDAcIlnaWfs4w/NZKfGrfx79xTuZ4VSM6+9cEVtf0Bej7n+aXfL1C5du/4KKrHxyLjT43kp2ad8Z+qrfM+d7wGEMJZ/uo1TiBWvy3kAFkejryUjD81kp+a8v7+bRuhbXELSOwh7HTWLf2uwOv4As+qCPvs+UrI+FMj+alZbfw799bhZyXz/cmhnsc5eijMvh9VG28p60Ad7dQc84fkMuB1jjL+1Eh+alL7fktN1YZNzoa9fmYOrtiAC8zSr6jG3ruGgIzfsL+3jNnztZHxp0byU/Pynq07xYY1hJfqDa19AnfEz/ULvFL1/hv1XNRZQG8nELimLh8h40+N5KemNeY/Va+3eRxLv1+43hDv+39oqE0r3R9n+gAfboeQzI/YkfGnRvJTk+rx60ykZijtp19yxnCM1qWfK2bgvQCVC0iOA3lH43zyXz8Zf2okPzUp4+/1qcljfN6SOdsnM453/PzF8Nu/Knx/pmcPta5J7umP4wRADaV9v4Ah+alZXefvIhkcda0JUIV7/bf/IiV/eI/uXX9V1N9Z5tMwpqveEJ6PkPGnRvJTA9v3X8n43eqavopYheXiil7B41CFPX7bjn3I5AKazxfaczaRjD81kp8an++v8E8N97p6EYvmgLoXy4p8/7GX78pgLt/7iMyzXHWO4WfJ+FMj+ak59/j9dXWv04Ib0j1O9whkzuA6/4A/Lt3fF8UewvvyqfqGMDL+1Eh+atz9/VOGC3Kw28cZ5ySFPX53T8r0/VfnEab2/VcazkVQvl+YkPzUwIx/RQ0/ag7e50LmGRjEMn9XjUKf778DEucPjO+69wr8/JzNyPhTI/mpGavz99b3VRjbzLk6U3TX+Wf88d0fK9IYxvHha4VBlO8XKSQ/Ne7z/L218aiALqovv6JGbypHkD+zaGzpV7o+yNCwBqzo63se/A4Zf2okPzUrzvOHNEhv26AbgSe7XWD6+5ulCtfA3wGcf7imofT8vjtk/KmR/NSU9Pejrs8wtRTw1hx48w6ufSk+3x/Of1fny1Fn8QKfVbEOwCLjT43kpwYf9K04Ry/2CBeWMbclfPOs6O9vu/dK9ZlClmsq7lW+X1iR/NSs+x2/Kb/uHac611B3kOuVsfP8IfnsitzBkpbWHmT8qZH81Kyo8++5MTYUqm/QS08+pfU3fNv6+y0AY/WZvvzwNQ/X25Hxp0byU4Px/ck4f8W+/Mp4rP7hBTPrj/x7rfspp831g8eLx//PvMj4UyP5qVln/Ktj/pk8qSXm/1lBYkx/f8bneY90QOW/m/sJS2skw+8i40+N5KfG3d+PAlXT5y3kqo4xoHIZPWcNrVv6VSyd4EdHfcSyzoKMPzWSn5p1xr+iDmCqxrBz/BjxHj8vwP23KxTR0CsPycejzk90IeNPjeSnJu77UYa6yCmO1OgFBp9dE6xb+l1xxQCq+/urzycwgn2ujD81kp+a1cb/jg3+O3+eLpBwMeBnyF8UG4ATyNPM/laQjD81kp+a1cY/41+9vfgQY1ux7y+tJVwt/1umavSubDtf6Cv6byHjT43kp+bzjH9RXD1jh133Jg0+NpfR2t/vGrbBv87uufPk5y/jT43kp2bst3xQB6iIBz445m90YKjzAEqPUazo64N8DWT8qZH81Jx9v/gfo28/NZKfGslPjeSnRvJTI/mpkfzUSH5qJD81kp+afwF5GTqK65m4GAAAAABJRU5ErkJggg=='),
('TICKET019', 'USER003', N'Lễ hội âm nhạc đường phố', 140000.0, N'40 Nguyễn Thái Bình, Quận 1, TP. Hồ Chí Minh', '2024-11-19', GETDATE(), GETDATE(), 1, 'TICKET019', N'Lễ hội âm nhạc đường phố với nhiều nghệ sĩ biểu diễn.', 'iVBORw0KGgoAAAANSUhEUgAAAKoAAACqCAIAAACyFEPVAAAACXBIWXMAAA7EAAAOxAGVKw4bAAAGH0lEQVR4nO2d2XLrOAxE46n7/7+ceUvpZiwRS2PxdJ/HlERR7hggsdCv7+/vL8HKP9MTEJNIfmokPzWSnxrJT43kp0byUyP5qZH81Eh+av4cr3i9XhUPPgabfz335/rAfMKBbeMcXOMD3+vIcWL69lMj+amR/NScfX81GT8ae0TdOA8X7Eysu+VHLaPCXCdQtCx9+zjUv6nxxp7PWcafGslPTdz3G40M3Oc1GHzL49qmUfo5zy/97uYdeJ+jn/Z+lKhx1iLjT43kp2be+AMNadv+HjjgrIOYlz+Jyx8H/ofe3vIQe9jv76/I+FMj+an5eONv4WqfvcY5fG9zfCLGvPxeP2qJE3R+9Jn4xDgy/tRIfmrmjb/FUAP3zZl1wHHAqTmEicu/x4H9l7u5oWIDAcIlnaWfs4w/NZKfGrfx79xTuZ4VSM6+9cEVtf0Bej7n+aXfL1C5du/4KKrHxyLjT43kp2ad8Z+qrfM+d7wGEMJZ/uo1TiBWvy3kAFkejryUjD81kp+a8v7+bRuhbXELSOwh7HTWLf2uwOv4As+qCPvs+UrI+FMj+alZbfw799bhZyXz/cmhnsc5eijMvh9VG28p60Ad7dQc84fkMuB1jjL+1Eh+alL7fktN1YZNzoa9fmYOrtiAC8zSr6jG3ruGgIzfsL+3jNnztZHxp0byU/Pynq07xYY1hJfqDa19AnfEz/ULvFL1/hv1XNRZQG8nELimLh8h40+N5KemNeY/Va+3eRxLv1+43hDv+39oqE0r3R9n+gAfboeQzI/YkfGnRvJTk+rx60ykZijtp19yxnCM1qWfK2bgvQCVC0iOA3lH43zyXz8Zf2okPzUp4+/1qcljfN6SOdsnM453/PzF8Nu/Knx/pmcPta5J7umP4wRADaV9v4Ah+alZXefvIhkcda0JUIV7/bf/IiV/eI/uXX9V1N9Z5tMwpqveEJ6PkPGnRvJTA9v3X8n43eqavopYheXiil7B41CFPX7bjn3I5AKazxfaczaRjD81kp8an++v8E8N97p6EYvmgLoXy4p8/7GX78pgLt/7iMyzXHWO4WfJ+FMj+ak59/j9dXWv04Ib0j1O9whkzuA6/4A/Lt3fF8UewvvyqfqGMDL+1Eh+atz9/VOGC3Kw28cZ5ySFPX53T8r0/VfnEab2/VcazkVQvl+YkPzUwIx/RQ0/ag7e50LmGRjEMn9XjUKf778DEucPjO+69wr8/JzNyPhTI/mpGavz99b3VRjbzLk6U3TX+Wf88d0fK9IYxvHha4VBlO8XKSQ/Ne7z/L218aiALqovv6JGbypHkD+zaGzpV7o+yNCwBqzo63se/A4Zf2okPzUrzvOHNEhv26AbgSe7XWD6+5ulCtfA3wGcf7imofT8vjtk/KmR/NSU9Pejrs8wtRTw1hx48w6ufSk+3x/Of1fny1Fn8QKfVbEOwCLjT43kpwYf9K04Ry/2CBeWMbclfPOs6O9vu/dK9ZlClmsq7lW+X1iR/NSs+x2/Kb/uHac611B3kOuVsfP8IfnsitzBkpbWHmT8qZH81Kyo8++5MTYUqm/QS08+pfU3fNv6+y0AY/WZvvzwNQ/X25Hxp0byU4Px/ck4f8W+/Mp4rP7hBTPrj/x7rfspp831g8eLx//PvMj4UyP5qVln/Ktj/pk8qSXm/1lBYkx/f8bneY90QOW/m/sJS2skw+8i40+N5KfG3d+PAlXT5y3kqo4xoHIZPWcNrVv6VSyd4EdHfcSyzoKMPzWSn5p1xr+iDmCqxrBz/BjxHj8vwP23KxTR0CsPycejzk90IeNPjeSnJu77UYa6yCmO1OgFBp9dE6xb+l1xxQCq+/urzycwgn2ujD81kp+a1cb/jg3+O3+eLpBwMeBnyF8UG4ATyNPM/laQjD81kp+a1cY/41+9vfgQY1ux7y+tJVwt/1umavSubDtf6Cv6byHjT43kp+bzjH9RXD1jh133Jg0+NpfR2t/vGrbBv87uufPk5y/jT43kp2bst3xQB6iIBz445m90YKjzAEqPUazo64N8DWT8qZH81Jx9v/gfo28/NZKfGslPjeSnRvJTI/mpkfzUSH5qJD81kp+afwF5GTqK65m4GAAAAABJRU5ErkJggg=='),
('TICKET020', 'USER003', N'Chương trình trình diễn nghệ thuật', 210000.0, N'22 Trần Quang Khải, Hoàn Kiếm, Hà Nội', '2024-11-20', GETDATE(), GETDATE(), 1, 'TICKET020', N'Chương trình trình diễn nghệ thuật tại Nhà Hát Lớn Hà Nội.', 'iVBORw0KGgoAAAANSUhEUgAAAKoAAACqCAIAAACyFEPVAAAACXBIWXMAAA7EAAAOxAGVKw4bAAAGH0lEQVR4nO2d2XLrOAxE46n7/7+ceUvpZiwRS2PxdJ/HlERR7hggsdCv7+/vL8HKP9MTEJNIfmokPzWSnxrJT43kp0byUyP5qZH81Eh+av4cr3i9XhUPPgabfz335/rAfMKBbeMcXOMD3+vIcWL69lMj+amR/NScfX81GT8ae0TdOA8X7Eysu+VHLaPCXCdQtCx9+zjUv6nxxp7PWcafGslPTdz3G40M3Oc1GHzL49qmUfo5zy/97uYdeJ+jn/Z+lKhx1iLjT43kp2be+AMNadv+HjjgrIOYlz+Jyx8H/ofe3vIQe9jv76/I+FMj+an5eONv4WqfvcY5fG9zfCLGvPxeP2qJE3R+9Jn4xDgy/tRIfmrmjb/FUAP3zZl1wHHAqTmEicu/x4H9l7u5oWIDAcIlnaWfs4w/NZKfGrfx79xTuZ4VSM6+9cEVtf0Bej7n+aXfL1C5du/4KKrHxyLjT43kp2ad8Z+qrfM+d7wGEMJZ/uo1TiBWvy3kAFkejryUjD81kp+a8v7+bRuhbXELSOwh7HTWLf2uwOv4As+qCPvs+UrI+FMj+alZbfw799bhZyXz/cmhnsc5eijMvh9VG28p60Ad7dQc84fkMuB1jjL+1Eh+alL7fktN1YZNzoa9fmYOrtiAC8zSr6jG3ruGgIzfsL+3jNnztZHxp0byU/Pynq07xYY1hJfqDa19AnfEz/ULvFL1/hv1XNRZQG8nELimLh8h40+N5KemNeY/Va+3eRxLv1+43hDv+39oqE0r3R9n+gAfboeQzI/YkfGnRvJTk+rx60ykZijtp19yxnCM1qWfK2bgvQCVC0iOA3lH43zyXz8Zf2okPzUp4+/1qcljfN6SOdsnM453/PzF8Nu/Knx/pmcPta5J7umP4wRADaV9v4Ah+alZXefvIhkcda0JUIV7/bf/IiV/eI/uXX9V1N9Z5tMwpqveEJ6PkPGnRvJTA9v3X8n43eqavopYheXiil7B41CFPX7bjn3I5AKazxfaczaRjD81kp8an++v8E8N97p6EYvmgLoXy4p8/7GX78pgLt/7iMyzXHWO4WfJ+FMj+ak59/j9dXWv04Ib0j1O9whkzuA6/4A/Lt3fF8UewvvyqfqGMDL+1Eh+atz9/VOGC3Kw28cZ5ySFPX53T8r0/VfnEab2/VcazkVQvl+YkPzUwIx/RQ0/ag7e50LmGRjEMn9XjUKf778DEucPjO+69wr8/JzNyPhTI/mpGavz99b3VRjbzLk6U3TX+Wf88d0fK9IYxvHha4VBlO8XKSQ/Ne7z/L218aiALqovv6JGbypHkD+zaGzpV7o+yNCwBqzo63se/A4Zf2okPzUrzvOHNEhv26AbgSe7XWD6+5ulCtfA3wGcf7imofT8vjtk/KmR/NSU9Pejrs8wtRTw1hx48w6ufSk+3x/Of1fny1Fn8QKfVbEOwCLjT43kpwYf9K04Ry/2CBeWMbclfPOs6O9vu/dK9ZlClmsq7lW+X1iR/NSs+x2/Kb/uHac611B3kOuVsfP8IfnsitzBkpbWHmT8qZH81Kyo8++5MTYUqm/QS08+pfU3fNv6+y0AY/WZvvzwNQ/X25Hxp0byU4Px/ck4f8W+/Mp4rP7hBTPrj/x7rfspp831g8eLx//PvMj4UyP5qVln/Ktj/pk8qSXm/1lBYkx/f8bneY90QOW/m/sJS2skw+8i40+N5KfG3d+PAlXT5y3kqo4xoHIZPWcNrVv6VSyd4EdHfcSyzoKMPzWSn5p1xr+iDmCqxrBz/BjxHj8vwP23KxTR0CsPycejzk90IeNPjeSnJu77UYa6yCmO1OgFBp9dE6xb+l1xxQCq+/urzycwgn2ujD81kp+a1cb/jg3+O3+eLpBwMeBnyF8UG4ATyNPM/laQjD81kp+a1cY/41+9vfgQY1ux7y+tJVwt/1umavSubDtf6Cv6byHjT43kp+bzjH9RXD1jh133Jg0+NpfR2t/vGrbBv87uufPk5y/jT43kp2bst3xQB6iIBz445m90YKjzAEqPUazo64N8DWT8qZH81Jx9v/gfo28/NZKfGslPjeSnRvJTI/mpkfzUSH5qJD81kp+afwF5GTqK65m4GAAAAABJRU5ErkJggg=='),
('TICKET021', 'USER004', N'Triển lãm ô tô quốc tế', 300000.0, N'5 Lê Duẩn, Quận 1, TP. Hồ Chí Minh', '2024-11-21', GETDATE(), GETDATE(), 1, 'TICKET021', N'Triển lãm ô tô với nhiều mẫu xe mới và công nghệ hiện đại.', 'iVBORw0KGgoAAAANSUhEUgAAAKoAAACqCAIAAACyFEPVAAAACXBIWXMAAA7EAAAOxAGVKw4bAAAGH0lEQVR4nO2d2XLrOAxE46n7/7+ceUvpZiwRS2PxdJ/HlERR7hggsdCv7+/vL8HKP9MTEJNIfmokPzWSnxrJT43kp0byUyP5qZH81Eh+av4cr3i9XhUPPgabfz335/rAfMKBbeMcXOMD3+vIcWL69lMj+amR/NScfX81GT8ae0TdOA8X7Eysu+VHLaPCXCdQtCx9+zjUv6nxxp7PWcafGslPTdz3G40M3Oc1GHzL49qmUfo5zy/97uYdeJ+jn/Z+lKhx1iLjT43kp2be+AMNadv+HjjgrIOYlz+Jyx8H/ofe3vIQe9jv76/I+FMj+an5eONv4WqfvcY5fG9zfCLGvPxeP2qJE3R+9Jn4xDgy/tRIfmrmjb/FUAP3zZl1wHHAqTmEicu/x4H9l7u5oWIDAcIlnaWfs4w/NZKfGrfx79xTuZ4VSM6+9cEVtf0Bej7n+aXfL1C5du/4KKrHxyLjT43kp2ad8Z+qrfM+d7wGEMJZ/uo1TiBWvy3kAFkejryUjD81kp+a8v7+bRuhbXELSOwh7HTWLf2uwOv4As+qCPvs+UrI+FMj+alZbfw799bhZyXz/cmhnsc5eijMvh9VG28p60Ad7dQc84fkMuB1jjL+1Eh+alL7fktN1YZNzoa9fmYOrtiAC8zSr6jG3ruGgIzfsL+3jNnztZHxp0byU/Pynq07xYY1hJfqDa19AnfEz/ULvFL1/hv1XNRZQG8nELimLh8h40+N5KemNeY/Va+3eRxLv1+43hDv+39oqE0r3R9n+gAfboeQzI/YkfGnRvJTk+rx60ykZijtp19yxnCM1qWfK2bgvQCVC0iOA3lH43zyXz8Zf2okPzUp4+/1qcljfN6SOdsnM453/PzF8Nu/Knx/pmcPta5J7umP4wRADaV9v4Ah+alZXefvIhkcda0JUIV7/bf/IiV/eI/uXX9V1N9Z5tMwpqveEJ6PkPGnRvJTA9v3X8n43eqavopYheXiil7B41CFPX7bjn3I5AKazxfaczaRjD81kp8an++v8E8N97p6EYvmgLoXy4p8/7GX78pgLt/7iMyzXHWO4WfJ+FMj+ak59/j9dXWv04Ib0j1O9whkzuA6/4A/Lt3fF8UewvvyqfqGMDL+1Eh+atz9/VOGC3Kw28cZ5ySFPX53T8r0/VfnEab2/VcazkVQvl+YkPzUwIx/RQ0/ag7e50LmGRjEMn9XjUKf778DEucPjO+69wr8/JzNyPhTI/mpGavz99b3VRjbzLk6U3TX+Wf88d0fK9IYxvHha4VBlO8XKSQ/Ne7z/L218aiALqovv6JGbypHkD+zaGzpV7o+yNCwBqzo63se/A4Zf2okPzUrzvOHNEhv26AbgSe7XWD6+5ulCtfA3wGcf7imofT8vjtk/KmR/NSU9Pejrs8wtRTw1hx48w6ufSk+3x/Of1fny1Fn8QKfVbEOwCLjT43kpwYf9K04Ry/2CBeWMbclfPOs6O9vu/dK9ZlClmsq7lW+X1iR/NSs+x2/Kb/uHac611B3kOuVsfP8IfnsitzBkpbWHmT8qZH81Kyo8++5MTYUqm/QS08+pfU3fNv6+y0AY/WZvvzwNQ/X25Hxp0byU4Px/ck4f8W+/Mp4rP7hBTPrj/x7rfspp831g8eLx//PvMj4UyP5qVln/Ktj/pk8qSXm/1lBYkx/f8bneY90QOW/m/sJS2skw+8i40+N5KfG3d+PAlXT5y3kqo4xoHIZPWcNrVv6VSyd4EdHfcSyzoKMPzWSn5p1xr+iDmCqxrBz/BjxHj8vwP23KxTR0CsPycejzk90IeNPjeSnJu77UYa6yCmO1OgFBp9dE6xb+l1xxQCq+/urzycwgn2ujD81kp+a1cb/jg3+O3+eLpBwMeBnyF8UG4ATyNPM/laQjD81kp+a1cY/41+9vfgQY1ux7y+tJVwt/1umavSubDtf6Cv6byHjT43kp+bzjH9RXD1jh133Jg0+NpfR2t/vGrbBv87uufPk5y/jT43kp2bst3xQB6iIBz445m90YKjzAEqPUazo64N8DWT8qZH81Jx9v/gfo28/NZKfGslPjeSnRvJTI/mpkfzUSH5qJD81kp+afwF5GTqK65m4GAAAAABJRU5ErkJggg=='),
('TICKET022', 'USER004', N'Hội chợ sách quốc tế', 85000.0, N'15 Lê Lợi, Quận 1, TP. Hồ Chí Minh', '2024-11-22', GETDATE(), GETDATE(), 1, 'TICKET022', N'Hội chợ sách quốc tế với sự tham gia của nhiều tác giả nổi tiếng.', 'iVBORw0KGgoAAAANSUhEUgAAAKoAAACqCAIAAACyFEPVAAAACXBIWXMAAA7EAAAOxAGVKw4bAAAGH0lEQVR4nO2d2XLrOAxE46n7/7+ceUvpZiwRS2PxdJ/HlERR7hggsdCv7+/vL8HKP9MTEJNIfmokPzWSnxrJT43kp0byUyP5qZH81Eh+av4cr3i9XhUPPgabfz335/rAfMKBbeMcXOMD3+vIcWL69lMj+amR/NScfX81GT8ae0TdOA8X7Eysu+VHLaPCXCdQtCx9+zjUv6nxxp7PWcafGslPTdz3G40M3Oc1GHzL49qmUfo5zy/97uYdeJ+jn/Z+lKhx1iLjT43kp2be+AMNadv+HjjgrIOYlz+Jyx8H/ofe3vIQe9jv76/I+FMj+an5eONv4WqfvcY5fG9zfCLGvPxeP2qJE3R+9Jn4xDgy/tRIfmrmjb/FUAP3zZl1wHHAqTmEicu/x4H9l7u5oWIDAcIlnaWfs4w/NZKfGrfx79xTuZ4VSM6+9cEVtf0Bej7n+aXfL1C5du/4KKrHxyLjT43kp2ad8Z+qrfM+d7wGEMJZ/uo1TiBWvy3kAFkejryUjD81kp+a8v7+bRuhbXELSOwh7HTWLf2uwOv4As+qCPvs+UrI+FMj+alZbfw799bhZyXz/cmhnsc5eijMvh9VG28p60Ad7dQc84fkMuB1jjL+1Eh+alL7fktN1YZNzoa9fmYOrtiAC8zSr6jG3ruGgIzfsL+3jNnztZHxp0byU/Pynq07xYY1hJfqDa19AnfEz/ULvFL1/hv1XNRZQG8nELimLh8h40+N5KemNeY/Va+3eRxLv1+43hDv+39oqE0r3R9n+gAfboeQzI/YkfGnRvJTk+rx60ykZijtp19yxnCM1qWfK2bgvQCVC0iOA3lH43zyXz8Zf2okPzUp4+/1qcljfN6SOdsnM453/PzF8Nu/Knx/pmcPta5J7umP4wRADaV9v4Ah+alZXefvIhkcda0JUIV7/bf/IiV/eI/uXX9V1N9Z5tMwpqveEJ6PkPGnRvJTA9v3X8n43eqavopYheXiil7B41CFPX7bjn3I5AKazxfaczaRjD81kp8an++v8E8N97p6EYvmgLoXy4p8/7GX78pgLt/7iMyzXHWO4WfJ+FMj+ak59/j9dXWv04Ib0j1O9whkzuA6/4A/Lt3fF8UewvvyqfqGMDL+1Eh+atz9/VOGC3Kw28cZ5ySFPX53T8r0/VfnEab2/VcazkVQvl+YkPzUwIx/RQ0/ag7e50LmGRjEMn9XjUKf778DEucPjO+69wr8/JzNyPhTI/mpGavz99b3VRjbzLk6U3TX+Wf88d0fK9IYxvHha4VBlO8XKSQ/Ne7z/L218aiALqovv6JGbypHkD+zaGzpV7o+yNCwBqzo63se/A4Zf2okPzUrzvOHNEhv26AbgSe7XWD6+5ulCtfA3wGcf7imofT8vjtk/KmR/NSU9Pejrs8wtRTw1hx48w6ufSk+3x/Of1fny1Fn8QKfVbEOwCLjT43kpwYf9K04Ry/2CBeWMbclfPOs6O9vu/dK9ZlClmsq7lW+X1iR/NSs+x2/Kb/uHac611B3kOuVsfP8IfnsitzBkpbWHmT8qZH81Kyo8++5MTYUqm/QS08+pfU3fNv6+y0AY/WZvvzwNQ/X25Hxp0byU4Px/ck4f8W+/Mp4rP7hBTPrj/x7rfspp831g8eLx//PvMj4UyP5qVln/Ktj/pk8qSXm/1lBYkx/f8bneY90QOW/m/sJS2skw+8i40+N5KfG3d+PAlXT5y3kqo4xoHIZPWcNrVv6VSyd4EdHfcSyzoKMPzWSn5p1xr+iDmCqxrBz/BjxHj8vwP23KxTR0CsPycejzk90IeNPjeSnJu77UYa6yCmO1OgFBp9dE6xb+l1xxQCq+/urzycwgn2ujD81kp+a1cb/jg3+O3+eLpBwMeBnyF8UG4ATyNPM/laQjD81kp+a1cY/41+9vfgQY1ux7y+tJVwt/1umavSubDtf6Cv6byHjT43kp+bzjH9RXD1jh133Jg0+NpfR2t/vGrbBv87uufPk5y/jT43kp2bst3xQB6iIBz445m90YKjzAEqPUazo64N8DWT8qZH81Jx9v/gfo28/NZKfGslPjeSnRvJTI/mpkfzUSH5qJD81kp+afwF5GTqK65m4GAAAAABJRU5ErkJggg=='),
('TICKET023', 'USER005', N'Buổi trình diễn ảo thuật', 100000.0, N'100 Đinh Tiên Hoàng, Bình Thạnh, TP. Hồ Chí Minh', '2024-11-23', GETDATE(), GETDATE(), 1, 'TICKET023', N'Buổi trình diễn ảo thuật hấp dẫn dành cho mọi lứa tuổi.', 'iVBORw0KGgoAAAANSUhEUgAAAKoAAACqCAIAAACyFEPVAAAACXBIWXMAAA7EAAAOxAGVKw4bAAAGH0lEQVR4nO2d2XLrOAxE46n7/7+ceUvpZiwRS2PxdJ/HlERR7hggsdCv7+/vL8HKP9MTEJNIfmokPzWSnxrJT43kp0byUyP5qZH81Eh+av4cr3i9XhUPPgabfz335/rAfMKBbeMcXOMD3+vIcWL69lMj+amR/NScfX81GT8ae0TdOA8X7Eysu+VHLaPCXCdQtCx9+zjUv6nxxp7PWcafGslPTdz3G40M3Oc1GHzL49qmUfo5zy/97uYdeJ+jn/Z+lKhx1iLjT43kp2be+AMNadv+HjjgrIOYlz+Jyx8H/ofe3vIQe9jv76/I+FMj+an5eONv4WqfvcY5fG9zfCLGvPxeP2qJE3R+9Jn4xDgy/tRIfmrmjb/FUAP3zZl1wHHAqTmEicu/x4H9l7u5oWIDAcIlnaWfs4w/NZKfGrfx79xTuZ4VSM6+9cEVtf0Bej7n+aXfL1C5du/4KKrHxyLjT43kp2ad8Z+qrfM+d7wGEMJZ/uo1TiBWvy3kAFkejryUjD81kp+a8v7+bRuhbXELSOwh7HTWLf2uwOv4As+qCPvs+UrI+FMj+alZbfw799bhZyXz/cmhnsc5eijMvh9VG28p60Ad7dQc84fkMuB1jjL+1Eh+alL7fktN1YZNzoa9fmYOrtiAC8zSr6jG3ruGgIzfsL+3jNnztZHxp0byU/Pynq07xYY1hJfqDa19AnfEz/ULvFL1/hv1XNRZQG8nELimLh8h40+N5KemNeY/Va+3eRxLv1+43hDv+39oqE0r3R9n+gAfboeQzI/YkfGnRvJTk+rx60ykZijtp19yxnCM1qWfK2bgvQCVC0iOA3lH43zyXz8Zf2okPzUp4+/1qcljfN6SOdsnM453/PzF8Nu/Knx/pmcPta5J7umP4wRADaV9v4Ah+alZXefvIhkcda0JUIV7/bf/IiV/eI/uXX9V1N9Z5tMwpqveEJ6PkPGnRvJTA9v3X8n43eqavopYheXiil7B41CFPX7bjn3I5AKazxfaczaRjD81kp8an++v8E8N97p6EYvmgLoXy4p8/7GX78pgLt/7iMyzXHWO4WfJ+FMj+ak59/j9dXWv04Ib0j1O9whkzuA6/4A/Lt3fF8UewvvyqfqGMDL+1Eh+atz9/VOGC3Kw28cZ5ySFPX53T8r0/VfnEab2/VcazkVQvl+YkPzUwIx/RQ0/ag7e50LmGRjEMn9XjUKf778DEucPjO+69wr8/JzNyPhTI/mpGavz99b3VRjbzLk6U3TX+Wf88d0fK9IYxvHha4VBlO8XKSQ/Ne7z/L218aiALqovv6JGbypHkD+zaGzpV7o+yNCwBqzo63se/A4Zf2okPzUrzvOHNEhv26AbgSe7XWD6+5ulCtfA3wGcf7imofT8vjtk/KmR/NSU9Pejrs8wtRTw1hx48w6ufSk+3x/Of1fny1Fn8QKfVbEOwCLjT43kpwYf9K04Ry/2CBeWMbclfPOs6O9vu/dK9ZlClmsq7lW+X1iR/NSs+x2/Kb/uHac611B3kOuVsfP8IfnsitzBkpbWHmT8qZH81Kyo8++5MTYUqm/QS08+pfU3fNv6+y0AY/WZvvzwNQ/X25Hxp0byU4Px/ck4f8W+/Mp4rP7hBTPrj/x7rfspp831g8eLx//PvMj4UyP5qVln/Ktj/pk8qSXm/1lBYkx/f8bneY90QOW/m/sJS2skw+8i40+N5KfG3d+PAlXT5y3kqo4xoHIZPWcNrVv6VSyd4EdHfcSyzoKMPzWSn5p1xr+iDmCqxrBz/BjxHj8vwP23KxTR0CsPycejzk90IeNPjeSnJu77UYa6yCmO1OgFBp9dE6xb+l1xxQCq+/urzycwgn2ujD81kp+a1cb/jg3+O3+eLpBwMeBnyF8UG4ATyNPM/laQjD81kp+a1cY/41+9vfgQY1ux7y+tJVwt/1umavSubDtf6Cv6byHjT43kp+bzjH9RXD1jh133Jg0+NpfR2t/vGrbBv87uufPk5y/jT43kp2bst3xQB6iIBz445m90YKjzAEqPUazo64N8DWT8qZH81Jx9v/gfo28/NZKfGslPjeSnRvJTI/mpkfzUSH5qJD81kp+afwF5GTqK65m4GAAAAABJRU5ErkJggg=='),
('TICKET024', 'USER005', N'Chương trình ca nhạc mừng Giáng Sinh', 90000.0, N'50 Ngô Thời Nhiệm, Quận 3, TP. Hồ Chí Minh', '2024-11-24', GETDATE(), GETDATE(), 1, 'TICKET024', N'Chương trình ca nhạc mừng Giáng Sinh tại Nhà Hát Hòa Bình.', 'iVBORw0KGgoAAAANSUhEUgAAAKoAAACqCAIAAACyFEPVAAAACXBIWXMAAA7EAAAOxAGVKw4bAAAGH0lEQVR4nO2d2XLrOAxE46n7/7+ceUvpZiwRS2PxdJ/HlERR7hggsdCv7+/vL8HKP9MTEJNIfmokPzWSnxrJT43kp0byUyP5qZH81Eh+av4cr3i9XhUPPgabfz335/rAfMKBbeMcXOMD3+vIcWL69lMj+amR/NScfX81GT8ae0TdOA8X7Eysu+VHLaPCXCdQtCx9+zjUv6nxxp7PWcafGslPTdz3G40M3Oc1GHzL49qmUfo5zy/97uYdeJ+jn/Z+lKhx1iLjT43kp2be+AMNadv+HjjgrIOYlz+Jyx8H/ofe3vIQe9jv76/I+FMj+an5eONv4WqfvcY5fG9zfCLGvPxeP2qJE3R+9Jn4xDgy/tRIfmrmjb/FUAP3zZl1wHHAqTmEicu/x4H9l7u5oWIDAcIlnaWfs4w/NZKfGrfx79xTuZ4VSM6+9cEVtf0Bej7n+aXfL1C5du/4KKrHxyLjT43kp2ad8Z+qrfM+d7wGEMJZ/uo1TiBWvy3kAFkejryUjD81kp+a8v7+bRuhbXELSOwh7HTWLf2uwOv4As+qCPvs+UrI+FMj+alZbfw799bhZyXz/cmhnsc5eijMvh9VG28p60Ad7dQc84fkMuB1jjL+1Eh+alL7fktN1YZNzoa9fmYOrtiAC8zSr6jG3ruGgIzfsL+3jNnztZHxp0byU/Pynq07xYY1hJfqDa19AnfEz/ULvFL1/hv1XNRZQG8nELimLh8h40+N5KemNeY/Va+3eRxLv1+43hDv+39oqE0r3R9n+gAfboeQzI/YkfGnRvJTk+rx60ykZijtp19yxnCM1qWfK2bgvQCVC0iOA3lH43zyXz8Zf2okPzUp4+/1qcljfN6SOdsnM453/PzF8Nu/Knx/pmcPta5J7umP4wRADaV9v4Ah+alZXefvIhkcda0JUIV7/bf/IiV/eI/uXX9V1N9Z5tMwpqveEJ6PkPGnRvJTA9v3X8n43eqavopYheXiil7B41CFPX7bjn3I5AKazxfaczaRjD81kp8an++v8E8N97p6EYvmgLoXy4p8/7GX78pgLt/7iMyzXHWO4WfJ+FMj+ak59/j9dXWv04Ib0j1O9whkzuA6/4A/Lt3fF8UewvvyqfqGMDL+1Eh+atz9/VOGC3Kw28cZ5ySFPX53T8r0/VfnEab2/VcazkVQvl+YkPzUwIx/RQ0/ag7e50LmGRjEMn9XjUKf778DEucPjO+69wr8/JzNyPhTI/mpGavz99b3VRjbzLk6U3TX+Wf88d0fK9IYxvHha4VBlO8XKSQ/Ne7z/L218aiALqovv6JGbypHkD+zaGzpV7o+yNCwBqzo63se/A4Zf2okPzUrzvOHNEhv26AbgSe7XWD6+5ulCtfA3wGcf7imofT8vjtk/KmR/NSU9Pejrs8wtRTw1hx48w6ufSk+3x/Of1fny1Fn8QKfVbEOwCLjT43kpwYf9K04Ry/2CBeWMbclfPOs6O9vu/dK9ZlClmsq7lW+X1iR/NSs+x2/Kb/uHac611B3kOuVsfP8IfnsitzBkpbWHmT8qZH81Kyo8++5MTYUqm/QS08+pfU3fNv6+y0AY/WZvvzwNQ/X25Hxp0byU4Px/ck4f8W+/Mp4rP7hBTPrj/x7rfspp831g8eLx//PvMj4UyP5qVln/Ktj/pk8qSXm/1lBYkx/f8bneY90QOW/m/sJS2skw+8i40+N5KfG3d+PAlXT5y3kqo4xoHIZPWcNrVv6VSyd4EdHfcSyzoKMPzWSn5p1xr+iDmCqxrBz/BjxHj8vwP23KxTR0CsPycejzk90IeNPjeSnJu77UYa6yCmO1OgFBp9dE6xb+l1xxQCq+/urzycwgn2ujD81kp+a1cb/jg3+O3+eLpBwMeBnyF8UG4ATyNPM/laQjD81kp+a1cY/41+9vfgQY1ux7y+tJVwt/1umavSubDtf6Cv6byHjT43kp+bzjH9RXD1jh133Jg0+NpfR2t/vGrbBv87uufPk5y/jT43kp2bst3xQB6iIBz445m90YKjzAEqPUazo64N8DWT8qZH81Jx9v/gfo28/NZKfGslPjeSnRvJTI/mpkfzUSH5qJD81kp+afwF5GTqK65m4GAAAAABJRU5ErkJggg=='),
('TICKET025', 'USER006', N'Sự kiện yoga quốc tế', 60000.0, N'70 Võ Văn Kiệt, Quận 1, TP. Hồ Chí Minh', '2024-11-25', GETDATE(), GETDATE(), 1, 'TICKET025', N'Sự kiện yoga quốc tế với nhiều giảng viên nổi tiếng.', 'iVBORw0KGgoAAAANSUhEUgAAAKoAAACqCAIAAACyFEPVAAAACXBIWXMAAA7EAAAOxAGVKw4bAAAGH0lEQVR4nO2d2XLrOAxE46n7/7+ceUvpZiwRS2PxdJ/HlERR7hggsdCv7+/vL8HKP9MTEJNIfmokPzWSnxrJT43kp0byUyP5qZH81Eh+av4cr3i9XhUPPgabfz335/rAfMKBbeMcXOMD3+vIcWL69lMj+amR/NScfX81GT8ae0TdOA8X7Eysu+VHLaPCXCdQtCx9+zjUv6nxxp7PWcafGslPTdz3G40M3Oc1GHzL49qmUfo5zy/97uYdeJ+jn/Z+lKhx1iLjT43kp2be+AMNadv+HjjgrIOYlz+Jyx8H/ofe3vIQe9jv76/I+FMj+an5eONv4WqfvcY5fG9zfCLGvPxeP2qJE3R+9Jn4xDgy/tRIfmrmjb/FUAP3zZl1wHHAqTmEicu/x4H9l7u5oWIDAcIlnaWfs4w/NZKfGrfx79xTuZ4VSM6+9cEVtf0Bej7n+aXfL1C5du/4KKrHxyLjT43kp2ad8Z+qrfM+d7wGEMJZ/uo1TiBWvy3kAFkejryUjD81kp+a8v7+bRuhbXELSOwh7HTWLf2uwOv4As+qCPvs+UrI+FMj+alZbfw799bhZyXz/cmhnsc5eijMvh9VG28p60Ad7dQc84fkMuB1jjL+1Eh+alL7fktN1YZNzoa9fmYOrtiAC8zSr6jG3ruGgIzfsL+3jNnztZHxp0byU/Pynq07xYY1hJfqDa19AnfEz/ULvFL1/hv1XNRZQG8nELimLh8h40+N5KemNeY/Va+3eRxLv1+43hDv+39oqE0r3R9n+gAfboeQzI/YkfGnRvJTk+rx60ykZijtp19yxnCM1qWfK2bgvQCVC0iOA3lH43zyXz8Zf2okPzUp4+/1qcljfN6SOdsnM453/PzF8Nu/Knx/pmcPta5J7umP4wRADaV9v4Ah+alZXefvIhkcda0JUIV7/bf/IiV/eI/uXX9V1N9Z5tMwpqveEJ6PkPGnRvJTA9v3X8n43eqavopYheXiil7B41CFPX7bjn3I5AKazxfaczaRjD81kp8an++v8E8N97p6EYvmgLoXy4p8/7GX78pgLt/7iMyzXHWO4WfJ+FMj+ak59/j9dXWv04Ib0j1O9whkzuA6/4A/Lt3fF8UewvvyqfqGMDL+1Eh+atz9/VOGC3Kw28cZ5ySFPX53T8r0/VfnEab2/VcazkVQvl+YkPzUwIx/RQ0/ag7e50LmGRjEMn9XjUKf778DEucPjO+69wr8/JzNyPhTI/mpGavz99b3VRjbzLk6U3TX+Wf88d0fK9IYxvHha4VBlO8XKSQ/Ne7z/L218aiALqovv6JGbypHkD+zaGzpV7o+yNCwBqzo63se/A4Zf2okPzUrzvOHNEhv26AbgSe7XWD6+5ulCtfA3wGcf7imofT8vjtk/KmR/NSU9Pejrs8wtRTw1hx48w6ufSk+3x/Of1fny1Fn8QKfVbEOwCLjT43kpwYf9K04Ry/2CBeWMbclfPOs6O9vu/dK9ZlClmsq7lW+X1iR/NSs+x2/Kb/uHac611B3kOuVsfP8IfnsitzBkpbWHmT8qZH81Kyo8++5MTYUqm/QS08+pfU3fNv6+y0AY/WZvvzwNQ/X25Hxp0byU4Px/ck4f8W+/Mp4rP7hBTPrj/x7rfspp831g8eLx//PvMj4UyP5qVln/Ktj/pk8qSXm/1lBYkx/f8bneY90QOW/m/sJS2skw+8i40+N5KfG3d+PAlXT5y3kqo4xoHIZPWcNrVv6VSyd4EdHfcSyzoKMPzWSn5p1xr+iDmCqxrBz/BjxHj8vwP23KxTR0CsPycejzk90IeNPjeSnJu77UYa6yCmO1OgFBp9dE6xb+l1xxQCq+/urzycwgn2ujD81kp+a1cb/jg3+O3+eLpBwMeBnyF8UG4ATyNPM/laQjD81kp+a1cY/41+9vfgQY1ux7y+tJVwt/1umavSubDtf6Cv6byHjT43kp+bzjH9RXD1jh133Jg0+NpfR2t/vGrbBv87uufPk5y/jT43kp2bst3xQB6iIBz445m90YKjzAEqPUazo64N8DWT8qZH81Jx9v/gfo28/NZKfGslPjeSnRvJTI/mpkfzUSH5qJD81kp+afwF5GTqK65m4GAAAAABJRU5ErkJggg=='),
('TICKET026', 'USER006', N'Lễ hội ánh sáng', 150000.0, N'80 Lê Văn Sỹ, Phú Nhuận, TP. Hồ Chí Minh', '2024-11-26', GETDATE(), GETDATE(), 1, 'TICKET026', N'Lễ hội ánh sáng với các màn trình diễn nghệ thuật đặc sắc.', 'iVBORw0KGgoAAAANSUhEUgAAAKoAAACqCAIAAACyFEPVAAAACXBIWXMAAA7EAAAOxAGVKw4bAAAGH0lEQVR4nO2d2XLrOAxE46n7/7+ceUvpZiwRS2PxdJ/HlERR7hggsdCv7+/vL8HKP9MTEJNIfmokPzWSnxrJT43kp0byUyP5qZH81Eh+av4cr3i9XhUPPgabfz335/rAfMKBbeMcXOMD3+vIcWL69lMj+amR/NScfX81GT8ae0TdOA8X7Eysu+VHLaPCXCdQtCx9+zjUv6nxxp7PWcafGslPTdz3G40M3Oc1GHzL49qmUfo5zy/97uYdeJ+jn/Z+lKhx1iLjT43kp2be+AMNadv+HjjgrIOYlz+Jyx8H/ofe3vIQe9jv76/I+FMj+an5eONv4WqfvcY5fG9zfCLGvPxeP2qJE3R+9Jn4xDgy/tRIfmrmjb/FUAP3zZl1wHHAqTmEicu/x4H9l7u5oWIDAcIlnaWfs4w/NZKfGrfx79xTuZ4VSM6+9cEVtf0Bej7n+aXfL1C5du/4KKrHxyLjT43kp2ad8Z+qrfM+d7wGEMJZ/uo1TiBWvy3kAFkejryUjD81kp+a8v7+bRuhbXELSOwh7HTWLf2uwOv4As+qCPvs+UrI+FMj+alZbfw799bhZyXz/cmhnsc5eijMvh9VG28p60Ad7dQc84fkMuB1jjL+1Eh+alL7fktN1YZNzoa9fmYOrtiAC8zSr6jG3ruGgIzfsL+3jNnztZHxp0byU/Pynq07xYY1hJfqDa19AnfEz/ULvFL1/hv1XNRZQG8nELimLh8h40+N5KemNeY/Va+3eRxLv1+43hDv+39oqE0r3R9n+gAfboeQzI/YkfGnRvJTk+rx60ykZijtp19yxnCM1qWfK2bgvQCVC0iOA3lH43zyXz8Zf2okPzUp4+/1qcljfN6SOdsnM453/PzF8Nu/Knx/pmcPta5J7umP4wRADaV9v4Ah+alZXefvIhkcda0JUIV7/bf/IiV/eI/uXX9V1N9Z5tMwpqveEJ6PkPGnRvJTA9v3X8n43eqavopYheXiil7B41CFPX7bjn3I5AKazxfaczaRjD81kp8an++v8E8N97p6EYvmgLoXy4p8/7GX78pgLt/7iMyzXHWO4WfJ+FMj+ak59/j9dXWv04Ib0j1O9whkzuA6/4A/Lt3fF8UewvvyqfqGMDL+1Eh+atz9/VOGC3Kw28cZ5ySFPX53T8r0/VfnEab2/VcazkVQvl+YkPzUwIx/RQ0/ag7e50LmGRjEMn9XjUKf778DEucPjO+69wr8/JzNyPhTI/mpGavz99b3VRjbzLk6U3TX+Wf88d0fK9IYxvHha4VBlO8XKSQ/Ne7z/L218aiALqovv6JGbypHkD+zaGzpV7o+yNCwBqzo63se/A4Zf2okPzUrzvOHNEhv26AbgSe7XWD6+5ulCtfA3wGcf7imofT8vjtk/KmR/NSU9Pejrs8wtRTw1hx48w6ufSk+3x/Of1fny1Fn8QKfVbEOwCLjT43kpwYf9K04Ry/2CBeWMbclfPOs6O9vu/dK9ZlClmsq7lW+X1iR/NSs+x2/Kb/uHac611B3kOuVsfP8IfnsitzBkpbWHmT8qZH81Kyo8++5MTYUqm/QS08+pfU3fNv6+y0AY/WZvvzwNQ/X25Hxp0byU4Px/ck4f8W+/Mp4rP7hBTPrj/x7rfspp831g8eLx//PvMj4UyP5qVln/Ktj/pk8qSXm/1lBYkx/f8bneY90QOW/m/sJS2skw+8i40+N5KfG3d+PAlXT5y3kqo4xoHIZPWcNrVv6VSyd4EdHfcSyzoKMPzWSn5p1xr+iDmCqxrBz/BjxHj8vwP23KxTR0CsPycejzk90IeNPjeSnJu77UYa6yCmO1OgFBp9dE6xb+l1xxQCq+/urzycwgn2ujD81kp+a1cb/jg3+O3+eLpBwMeBnyF8UG4ATyNPM/laQjD81kp+a1cY/41+9vfgQY1ux7y+tJVwt/1umavSubDtf6Cv6byHjT43kp+bzjH9RXD1jh133Jg0+NpfR2t/vGrbBv87uufPk5y/jT43kp2bst3xQB6iIBz445m90YKjzAEqPUazo64N8DWT8qZH81Jx9v/gfo28/NZKfGslPjeSnRvJTI/mpkfzUSH5qJD81kp+afwF5GTqK65m4GAAAAABJRU5ErkJggg=='),
('TICKET027', 'USER007', N'Chương trình hài kịch trẻ', 55000.0, N'9 Trần Đình Xu, Quận 1, TP. Hồ Chí Minh', '2024-11-27', GETDATE(), GETDATE(), 1, 'TICKET027', N'Chương trình hài kịch trẻ với các nghệ sĩ trẻ tài năng.', 'iVBORw0KGgoAAAANSUhEUgAAAKoAAACqCAIAAACyFEPVAAAACXBIWXMAAA7EAAAOxAGVKw4bAAAGH0lEQVR4nO2d2XLrOAxE46n7/7+ceUvpZiwRS2PxdJ/HlERR7hggsdCv7+/vL8HKP9MTEJNIfmokPzWSnxrJT43kp0byUyP5qZH81Eh+av4cr3i9XhUPPgabfz335/rAfMKBbeMcXOMD3+vIcWL69lMj+amR/NScfX81GT8ae0TdOA8X7Eysu+VHLaPCXCdQtCx9+zjUv6nxxp7PWcafGslPTdz3G40M3Oc1GHzL49qmUfo5zy/97uYdeJ+jn/Z+lKhx1iLjT43kp2be+AMNadv+HjjgrIOYlz+Jyx8H/ofe3vIQe9jv76/I+FMj+an5eONv4WqfvcY5fG9zfCLGvPxeP2qJE3R+9Jn4xDgy/tRIfmrmjb/FUAP3zZl1wHHAqTmEicu/x4H9l7u5oWIDAcIlnaWfs4w/NZKfGrfx79xTuZ4VSM6+9cEVtf0Bej7n+aXfL1C5du/4KKrHxyLjT43kp2ad8Z+qrfM+d7wGEMJZ/uo1TiBWvy3kAFkejryUjD81kp+a8v7+bRuhbXELSOwh7HTWLf2uwOv4As+qCPvs+UrI+FMj+alZbfw799bhZyXz/cmhnsc5eijMvh9VG28p60Ad7dQc84fkMuB1jjL+1Eh+alL7fktN1YZNzoa9fmYOrtiAC8zSr6jG3ruGgIzfsL+3jNnztZHxp0byU/Pynq07xYY1hJfqDa19AnfEz/ULvFL1/hv1XNRZQG8nELimLh8h40+N5KemNeY/Va+3eRxLv1+43hDv+39oqE0r3R9n+gAfboeQzI/YkfGnRvJTk+rx60ykZijtp19yxnCM1qWfK2bgvQCVC0iOA3lH43zyXz8Zf2okPzUp4+/1qcljfN6SOdsnM453/PzF8Nu/Knx/pmcPta5J7umP4wRADaV9v4Ah+alZXefvIhkcda0JUIV7/bf/IiV/eI/uXX9V1N9Z5tMwpqveEJ6PkPGnRvJTA9v3X8n43eqavopYheXiil7B41CFPX7bjn3I5AKazxfaczaRjD81kp8an++v8E8N97p6EYvmgLoXy4p8/7GX78pgLt/7iMyzXHWO4WfJ+FMj+ak59/j9dXWv04Ib0j1O9whkzuA6/4A/Lt3fF8UewvvyqfqGMDL+1Eh+atz9/VOGC3Kw28cZ5ySFPX53T8r0/VfnEab2/VcazkVQvl+YkPzUwIx/RQ0/ag7e50LmGRjEMn9XjUKf778DEucPjO+69wr8/JzNyPhTI/mpGavz99b3VRjbzLk6U3TX+Wf88d0fK9IYxvHha4VBlO8XKSQ/Ne7z/L218aiALqovv6JGbypHkD+zaGzpV7o+yNCwBqzo63se/A4Zf2okPzUrzvOHNEhv26AbgSe7XWD6+5ulCtfA3wGcf7imofT8vjtk/KmR/NSU9Pejrs8wtRTw1hx48w6ufSk+3x/Of1fny1Fn8QKfVbEOwCLjT43kpwYf9K04Ry/2CBeWMbclfPOs6O9vu/dK9ZlClmsq7lW+X1iR/NSs+x2/Kb/uHac611B3kOuVsfP8IfnsitzBkpbWHmT8qZH81Kyo8++5MTYUqm/QS08+pfU3fNv6+y0AY/WZvvzwNQ/X25Hxp0byU4Px/ck4f8W+/Mp4rP7hBTPrj/x7rfspp831g8eLx//PvMj4UyP5qVln/Ktj/pk8qSXm/1lBYkx/f8bneY90QOW/m/sJS2skw+8i40+N5KfG3d+PAlXT5y3kqo4xoHIZPWcNrVv6VSyd4EdHfcSyzoKMPzWSn5p1xr+iDmCqxrBz/BjxHj8vwP23KxTR0CsPycejzk90IeNPjeSnJu77UYa6yCmO1OgFBp9dE6xb+l1xxQCq+/urzycwgn2ujD81kp+a1cb/jg3+O3+eLpBwMeBnyF8UG4ATyNPM/laQjD81kp+a1cY/41+9vfgQY1ux7y+tJVwt/1umavSubDtf6Cv6byHjT43kp+bzjH9RXD1jh133Jg0+NpfR2t/vGrbBv87uufPk5y/jT43kp2bst3xQB6iIBz445m90YKjzAEqPUazo64N8DWT8qZH81Jx9v/gfo28/NZKfGslPjeSnRvJTI/mpkfzUSH5qJD81kp+afwF5GTqK65m4GAAAAABJRU5ErkJggg=='),
('TICKET028', 'USER007', N'Hội chợ ẩm thực đường phố', 45000.0, N'14 Trần Nhân Tông, Hai Bà Trưng, Hà Nội', '2024-11-28', GETDATE(), GETDATE(), 1, 'TICKET028', N'Hội chợ ẩm thực với nhiều món ăn đặc sắc từ khắp nơi.', 'iVBORw0KGgoAAAANSUhEUgAAAKoAAACqCAIAAACyFEPVAAAACXBIWXMAAA7EAAAOxAGVKw4bAAAGH0lEQVR4nO2d2XLrOAxE46n7/7+ceUvpZiwRS2PxdJ/HlERR7hggsdCv7+/vL8HKP9MTEJNIfmokPzWSnxrJT43kp0byUyP5qZH81Eh+av4cr3i9XhUPPgabfz335/rAfMKBbeMcXOMD3+vIcWL69lMj+amR/NScfX81GT8ae0TdOA8X7Eysu+VHLaPCXCdQtCx9+zjUv6nxxp7PWcafGslPTdz3G40M3Oc1GHzL49qmUfo5zy/97uYdeJ+jn/Z+lKhx1iLjT43kp2be+AMNadv+HjjgrIOYlz+Jyx8H/ofe3vIQe9jv76/I+FMj+an5eONv4WqfvcY5fG9zfCLGvPxeP2qJE3R+9Jn4xDgy/tRIfmrmjb/FUAP3zZl1wHHAqTmEicu/x4H9l7u5oWIDAcIlnaWfs4w/NZKfGrfx79xTuZ4VSM6+9cEVtf0Bej7n+aXfL1C5du/4KKrHxyLjT43kp2ad8Z+qrfM+d7wGEMJZ/uo1TiBWvy3kAFkejryUjD81kp+a8v7+bRuhbXELSOwh7HTWLf2uwOv4As+qCPvs+UrI+FMj+alZbfw799bhZyXz/cmhnsc5eijMvh9VG28p60Ad7dQc84fkMuB1jjL+1Eh+alL7fktN1YZNzoa9fmYOrtiAC8zSr6jG3ruGgIzfsL+3jNnztZHxp0byU/Pynq07xYY1hJfqDa19AnfEz/ULvFL1/hv1XNRZQG8nELimLh8h40+N5KemNeY/Va+3eRxLv1+43hDv+39oqE0r3R9n+gAfboeQzI/YkfGnRvJTk+rx60ykZijtp19yxnCM1qWfK2bgvQCVC0iOA3lH43zyXz8Zf2okPzUp4+/1qcljfN6SOdsnM453/PzF8Nu/Knx/pmcPta5J7umP4wRADaV9v4Ah+alZXefvIhkcda0JUIV7/bf/IiV/eI/uXX9V1N9Z5tMwpqveEJ6PkPGnRvJTA9v3X8n43eqavopYheXiil7B41CFPX7bjn3I5AKazxfaczaRjD81kp8an++v8E8N97p6EYvmgLoXy4p8/7GX78pgLt/7iMyzXHWO4WfJ+FMj+ak59/j9dXWv04Ib0j1O9whkzuA6/4A/Lt3fF8UewvvyqfqGMDL+1Eh+atz9/VOGC3Kw28cZ5ySFPX53T8r0/VfnEab2/VcazkVQvl+YkPzUwIx/RQ0/ag7e50LmGRjEMn9XjUKf778DEucPjO+69wr8/JzNyPhTI/mpGavz99b3VRjbzLk6U3TX+Wf88d0fK9IYxvHha4VBlO8XKSQ/Ne7z/L218aiALqovv6JGbypHkD+zaGzpV7o+yNCwBqzo63se/A4Zf2okPzUrzvOHNEhv26AbgSe7XWD6+5ulCtfA3wGcf7imofT8vjtk/KmR/NSU9Pejrs8wtRTw1hx48w6ufSk+3x/Of1fny1Fn8QKfVbEOwCLjT43kpwYf9K04Ry/2CBeWMbclfPOs6O9vu/dK9ZlClmsq7lW+X1iR/NSs+x2/Kb/uHac611B3kOuVsfP8IfnsitzBkpbWHmT8qZH81Kyo8++5MTYUqm/QS08+pfU3fNv6+y0AY/WZvvzwNQ/X25Hxp0byU4Px/ck4f8W+/Mp4rP7hBTPrj/x7rfspp831g8eLx//PvMj4UyP5qVln/Ktj/pk8qSXm/1lBYkx/f8bneY90QOW/m/sJS2skw+8i40+N5KfG3d+PAlXT5y3kqo4xoHIZPWcNrVv6VSyd4EdHfcSyzoKMPzWSn5p1xr+iDmCqxrBz/BjxHj8vwP23KxTR0CsPycejzk90IeNPjeSnJu77UYa6yCmO1OgFBp9dE6xb+l1xxQCq+/urzycwgn2ujD81kp+a1cb/jg3+O3+eLpBwMeBnyF8UG4ATyNPM/laQjD81kp+a1cY/41+9vfgQY1ux7y+tJVwt/1umavSubDtf6Cv6byHjT43kp+bzjH9RXD1jh133Jg0+NpfR2t/vGrbBv87uufPk5y/jT43kp2bst3xQB6iIBz445m90YKjzAEqPUazo64N8DWT8qZH81Jx9v/gfo28/NZKfGslPjeSnRvJTI/mpkfzUSH5qJD81kp+afwF5GTqK65m4GAAAAABJRU5ErkJggg=='),
('TICKET029', 'USER008', N'Chương trình xiếc thú', 110000.0, N'32 Lê Thánh Tôn, Quận 1, TP. Hồ Chí Minh', '2024-11-29', GETDATE(), GETDATE(), 1, 'TICKET029', N'Chương trình xiếc thú vui nhộn dành cho trẻ em.', 'iVBORw0KGgoAAAANSUhEUgAAAKoAAACqCAIAAACyFEPVAAAACXBIWXMAAA7EAAAOxAGVKw4bAAAGH0lEQVR4nO2d2XLrOAxE46n7/7+ceUvpZiwRS2PxdJ/HlERR7hggsdCv7+/vL8HKP9MTEJNIfmokPzWSnxrJT43kp0byUyP5qZH81Eh+av4cr3i9XhUPPgabfz335/rAfMKBbeMcXOMD3+vIcWL69lMj+amR/NScfX81GT8ae0TdOA8X7Eysu+VHLaPCXCdQtCx9+zjUv6nxxp7PWcafGslPTdz3G40M3Oc1GHzL49qmUfo5zy/97uYdeJ+jn/Z+lKhx1iLjT43kp2be+AMNadv+HjjgrIOYlz+Jyx8H/ofe3vIQe9jv76/I+FMj+an5eONv4WqfvcY5fG9zfCLGvPxeP2qJE3R+9Jn4xDgy/tRIfmrmjb/FUAP3zZl1wHHAqTmEicu/x4H9l7u5oWIDAcIlnaWfs4w/NZKfGrfx79xTuZ4VSM6+9cEVtf0Bej7n+aXfL1C5du/4KKrHxyLjT43kp2ad8Z+qrfM+d7wGEMJZ/uo1TiBWvy3kAFkejryUjD81kp+a8v7+bRuhbXELSOwh7HTWLf2uwOv4As+qCPvs+UrI+FMj+alZbfw799bhZyXz/cmhnsc5eijMvh9VG28p60Ad7dQc84fkMuB1jjL+1Eh+alL7fktN1YZNzoa9fmYOrtiAC8zSr6jG3ruGgIzfsL+3jNnztZHxp0byU/Pynq07xYY1hJfqDa19AnfEz/ULvFL1/hv1XNRZQG8nELimLh8h40+N5KemNeY/Va+3eRxLv1+43hDv+39oqE0r3R9n+gAfboeQzI/YkfGnRvJTk+rx60ykZijtp19yxnCM1qWfK2bgvQCVC0iOA3lH43zyXz8Zf2okPzUp4+/1qcljfN6SOdsnM453/PzF8Nu/Knx/pmcPta5J7umP4wRADaV9v4Ah+alZXefvIhkcda0JUIV7/bf/IiV/eI/uXX9V1N9Z5tMwpqveEJ6PkPGnRvJTA9v3X8n43eqavopYheXiil7B41CFPX7bjn3I5AKazxfaczaRjD81kp8an++v8E8N97p6EYvmgLoXy4p8/7GX78pgLt/7iMyzXHWO4WfJ+FMj+ak59/j9dXWv04Ib0j1O9whkzuA6/4A/Lt3fF8UewvvyqfqGMDL+1Eh+atz9/VOGC3Kw28cZ5ySFPX53T8r0/VfnEab2/VcazkVQvl+YkPzUwIx/RQ0/ag7e50LmGRjEMn9XjUKf778DEucPjO+69wr8/JzNyPhTI/mpGavz99b3VRjbzLk6U3TX+Wf88d0fK9IYxvHha4VBlO8XKSQ/Ne7z/L218aiALqovv6JGbypHkD+zaGzpV7o+yNCwBqzo63se/A4Zf2okPzUrzvOHNEhv26AbgSe7XWD6+5ulCtfA3wGcf7imofT8vjtk/KmR/NSU9Pejrs8wtRTw1hx48w6ufSk+3x/Of1fny1Fn8QKfVbEOwCLjT43kpwYf9K04Ry/2CBeWMbclfPOs6O9vu/dK9ZlClmsq7lW+X1iR/NSs+x2/Kb/uHac611B3kOuVsfP8IfnsitzBkpbWHmT8qZH81Kyo8++5MTYUqm/QS08+pfU3fNv6+y0AY/WZvvzwNQ/X25Hxp0byU4Px/ck4f8W+/Mp4rP7hBTPrj/x7rfspp831g8eLx//PvMj4UyP5qVln/Ktj/pk8qSXm/1lBYkx/f8bneY90QOW/m/sJS2skw+8i40+N5KfG3d+PAlXT5y3kqo4xoHIZPWcNrVv6VSyd4EdHfcSyzoKMPzWSn5p1xr+iDmCqxrBz/BjxHj8vwP23KxTR0CsPycejzk90IeNPjeSnJu77UYa6yCmO1OgFBp9dE6xb+l1xxQCq+/urzycwgn2ujD81kp+a1cb/jg3+O3+eLpBwMeBnyF8UG4ATyNPM/laQjD81kp+a1cY/41+9vfgQY1ux7y+tJVwt/1umavSubDtf6Cv6byHjT43kp+bzjH9RXD1jh133Jg0+NpfR2t/vGrbBv87uufPk5y/jT43kp2bst3xQB6iIBz445m90YKjzAEqPUazo64N8DWT8qZH81Jx9v/gfo28/NZKfGslPjeSnRvJTI/mpkfzUSH5qJD81kp+afwF5GTqK65m4GAAAAABJRU5ErkJggg=='),
('TICKET030', 'USER008', N'Chương trình biểu diễn nghệ thuật đường phố', 50000.0, N'10 Nguyễn Huệ, Quận 1, TP. Hồ Chí Minh', '2024-11-30', GETDATE(), GETDATE(), 1, 'TICKET030', N'Chương trình biểu diễn nghệ thuật đường phố tại Phố đi bộ Nguyễn Huệ.', 'iVBORw0KGgoAAAANSUhEUgAAAKoAAACqCAIAAACyFEPVAAAACXBIWXMAAA7EAAAOxAGVKw4bAAAGH0lEQVR4nO2d2XLrOAxE46n7/7+ceUvpZiwRS2PxdJ/HlERR7hggsdCv7+/vL8HKP9MTEJNIfmokPzWSnxrJT43kp0byUyP5qZH81Eh+av4cr3i9XhUPPgabfz335/rAfMKBbeMcXOMD3+vIcWL69lMj+amR/NScfX81GT8ae0TdOA8X7Eysu+VHLaPCXCdQtCx9+zjUv6nxxp7PWcafGslPTdz3G40M3Oc1GHzL49qmUfo5zy/97uYdeJ+jn/Z+lKhx1iLjT43kp2be+AMNadv+HjjgrIOYlz+Jyx8H/ofe3vIQe9jv76/I+FMj+an5eONv4WqfvcY5fG9zfCLGvPxeP2qJE3R+9Jn4xDgy/tRIfmrmjb/FUAP3zZl1wHHAqTmEicu/x4H9l7u5oWIDAcIlnaWfs4w/NZKfGrfx79xTuZ4VSM6+9cEVtf0Bej7n+aXfL1C5du/4KKrHxyLjT43kp2ad8Z+qrfM+d7wGEMJZ/uo1TiBWvy3kAFkejryUjD81kp+a8v7+bRuhbXELSOwh7HTWLf2uwOv4As+qCPvs+UrI+FMj+alZbfw799bhZyXz/cmhnsc5eijMvh9VG28p60Ad7dQc84fkMuB1jjL+1Eh+alL7fktN1YZNzoa9fmYOrtiAC8zSr6jG3ruGgIzfsL+3jNnztZHxp0byU/Pynq07xYY1hJfqDa19AnfEz/ULvFL1/hv1XNRZQG8nELimLh8h40+N5KemNeY/Va+3eRxLv1+43hDv+39oqE0r3R9n+gAfboeQzI/YkfGnRvJTk+rx60ykZijtp19yxnCM1qWfK2bgvQCVC0iOA3lH43zyXz8Zf2okPzUp4+/1qcljfN6SOdsnM453/PzF8Nu/Knx/pmcPta5J7umP4wRADaV9v4Ah+alZXefvIhkcda0JUIV7/bf/IiV/eI/uXX9V1N9Z5tMwpqveEJ6PkPGnRvJTA9v3X8n43eqavopYheXiil7B41CFPX7bjn3I5AKazxfaczaRjD81kp8an++v8E8N97p6EYvmgLoXy4p8/7GX78pgLt/7iMyzXHWO4WfJ+FMj+ak59/j9dXWv04Ib0j1O9whkzuA6/4A/Lt3fF8UewvvyqfqGMDL+1Eh+atz9/VOGC3Kw28cZ5ySFPX53T8r0/VfnEab2/VcazkVQvl+YkPzUwIx/RQ0/ag7e50LmGRjEMn9XjUKf778DEucPjO+69wr8/JzNyPhTI/mpGavz99b3VRjbzLk6U3TX+Wf88d0fK9IYxvHha4VBlO8XKSQ/Ne7z/L218aiALqovv6JGbypHkD+zaGzpV7o+yNCwBqzo63se/A4Zf2okPzUrzvOHNEhv26AbgSe7XWD6+5ulCtfA3wGcf7imofT8vjtk/KmR/NSU9Pejrs8wtRTw1hx48w6ufSk+3x/Of1fny1Fn8QKfVbEOwCLjT43kpwYf9K04Ry/2CBeWMbclfPOs6O9vu/dK9ZlClmsq7lW+X1iR/NSs+x2/Kb/uHac611B3kOuVsfP8IfnsitzBkpbWHmT8qZH81Kyo8++5MTYUqm/QS08+pfU3fNv6+y0AY/WZvvzwNQ/X25Hxp0byU4Px/ck4f8W+/Mp4rP7hBTPrj/x7rfspp831g8eLx//PvMj4UyP5qVln/Ktj/pk8qSXm/1lBYkx/f8bneY90QOW/m/sJS2skw+8i40+N5KfG3d+PAlXT5y3kqo4xoHIZPWcNrVv6VSyd4EdHfcSyzoKMPzWSn5p1xr+iDmCqxrBz/BjxHj8vwP23KxTR0CsPycejzk90IeNPjeSnJu77UYa6yCmO1OgFBp9dE6xb+l1xxQCq+/urzycwgn2ujD81kp+a1cb/jg3+O3+eLpBwMeBnyF8UG4ATyNPM/laQjD81kp+a1cY/41+9vfgQY1ux7y+tJVwt/1umavSubDtf6Cv6byHjT43kp+bzjH9RXD1jh133Jg0+NpfR2t/vGrbBv87uufPk5y/jT43kp2bst3xQB6iIBz445m90YKjzAEqPUazo64N8DWT8qZH81Jx9v/gfo28/NZKfGslPjeSnRvJTI/mpkfzUSH5qJD81kp+afwF5GTqK65m4GAAAAABJRU5ErkJggg==');

--Rating
INSERT INTO [TicketResellManagement].[dbo].[Rating] ([RatingId], [UserId], [SellerId], [Stars], [Comment], [CreateDate]) VALUES
('RAT001', 'USER003', 'USER007', 5, N'Dịch vụ tuyệt vời, rất đáng để giới thiệu!', '2023-10-12'),
('RAT002', 'USER009', 'USER002', 4, N'Trải nghiệm khá tốt.', '2023-10-15'),
('RAT003', 'USER001', 'USER004', 3, N'Dịch vụ trung bình, có thể cải thiện.', '2023-10-18'),
('RAT004', 'USER005', 'USER008', 2, N'Không hài lòng với thời gian phản hồi.', '2023-10-20'),
('RAT005', 'USER010', 'USER003', 5, N'Tuyệt vời! Sẽ quay lại.', '2023-10-25'),
('RAT006', 'USER006', 'USER010', 4, N'Tốt nhưng giao hàng hơi chậm.', '2023-10-26'),
('RAT007', 'USER004', 'USER001', 5, N'Trải nghiệm tuyệt vời! Nhanh chóng và đáng tin cậy.', '2023-10-28'),
('RAT008', 'USER008', 'USER006', 1, N'Rất thất vọng với dịch vụ.', '2023-11-01'),
('RAT009', 'USER002', 'USER009', 3, N'Bình thường, không có gì nổi bật.', '2023-11-03'),
('RAT0010', 'USER007', 'USER005', 4, N'Dịch vụ tốt, tôi khá hài lòng.', '2023-11-04'),
('RAT011', 'USER003', 'USER007', 5, N'Hoàn hảo, không có vấn đề gì.', '2023-11-06'),
('RAT012', 'USER009', 'USER002', 4, N'Có trải nghiệm tốt.', '2023-11-08'),
('RAT013', 'USER001', 'USER004', 2, N'Nên cải thiện hỗ trợ khách hàng.', '2023-11-09'),
('RAT014', 'USER005', 'USER008', 3, N'Mong đợi nhiều hơn một chút.', '2023-11-10'),
('RAT015', 'USER010', 'USER003', 5, N'Trải nghiệm tuyệt vời, sẽ quay lại!', '2023-11-12'),
('RAT016', 'USER006', 'USER010', 5, N'Dịch vụ nhanh chóng và thân thiện.', '2023-11-14'),
('RAT017', 'USER004', 'USER001', 4, N'Tốt, nhưng có một số vấn đề về sản phẩm.', '2023-11-15'),
('RAT018', 'USER008', 'USER006', 2, N'Không hài lòng với dịch vụ.', '2023-11-17'),
('RAT019', 'USER002', 'USER009', 3, N'Trải nghiệm trung bình.', '2023-11-18'),
('RAT020', 'USER007', 'USER005', 5, N'Rất hài lòng với quy trình nhanh gọn!', '2023-11-20');

--Revenue
INSERT INTO [TicketResellManagement].[dbo].[Revenue] ([RevenueId], [SellerId], [StartDate], [EndDate], [Revenue], [Type]) VALUES
('RE001', 'USER001', '2024-01-01', '2024-01-01', 1500000, 'Day'),
('RE002', 'USER001', '2024-01-02', '2024-01-02', 1250000, 'Day'),
('RE003', 'USER001', '2024-01-03', '2024-01-03', 1600000, 'Day'),
('RE004', 'USER001', '2024-01-04', '2024-01-04', 1400000, 'Day'),
('RE005', 'USER001', '2024-01-05', '2024-01-05', 1800000, 'Day'),
('RE006', 'USER001', '2024-01-06', '2024-01-06', 1300000, 'Day'),
('RE007', 'USER001', '2024-01-07', '2024-01-07', 1200000, 'Day'),
('RE008', 'USER001', '2024-01-08', '2024-01-08', 1100000, 'Day'),
('RE009', 'USER001', '2024-01-09', '2024-01-09', 1700000, 'Day'),
('RE010', 'USER001', '2024-01-10', '2024-01-10', 1550000, 'Day'),
('RE011', 'USER001', '2024-01-11', '2024-01-11', 1450000, 'Day'),
('RE012', 'USER001', '2024-01-12', '2024-01-12', 1750000, 'Day'),
('RE013', 'USER001', '2024-01-13', '2024-01-13', 1350000, 'Day'),
('RE014', 'USER001', '2024-01-14', '2024-01-14', 1500000, 'Day'),
('RE015', 'USER001', '2024-01-15', '2024-01-15', 1800000, 'Day'),
('RE016', 'USER001', '2024-01-16', '2024-01-16', 1600000, 'Day'),
('RE017', 'USER001', '2024-01-17', '2024-01-17', 1500000, 'Day'),
('RE018', 'USER001', '2024-01-18', '2024-01-18', 1700000, 'Day'),
('RE019', 'USER001', '2024-01-19', '2024-01-19', 1450000, 'Day'),
('RE020', 'USER001', '2024-01-20', '2024-01-20', 1550000, 'Day'),
('RE021', 'USER001', '2024-01-21', '2024-01-21', 1300000, 'Day'),
('RE022', 'USER001', '2024-01-22', '2024-01-22', 1400000, 'Day'),
('RE023', 'USER001', '2024-01-23', '2024-01-23', 1650000, 'Day'),
('RE024', 'USER001', '2024-01-24', '2024-01-24', 1500000, 'Day'),
('RE025', 'USER001', '2024-01-25', '2024-01-25', 1350000, 'Day'),
('RE026', 'USER001', '2024-01-26', '2024-01-26', 1450000, 'Day'),
('RE027', 'USER001', '2024-01-27', '2024-01-27', 1750000, 'Day'),
('RE028', 'USER001', '2024-01-28', '2024-01-28', 1800000, 'Day'),
('RE029', 'USER001', '2024-01-29', '2024-01-29', 1550000, 'Day'),
('RE030', 'USER001', '2024-01-30', '2024-01-30', 1650000, 'Day');


-- Inserting sample data into the [Order] table
-- Sample data for Order table
INSERT INTO [TicketResellManagement].[dbo].[Order] ([OrderId], [BuyerId], [Total], [Date], [Status], [PaymentMethod]) VALUES
('ORD001', 'USER001', 150000, '2024-01-05', 0, 'PayPal'),
('ORD002', 'USER002', 200000, '2024-01-12', 0, 'PayPal'),
('ORD003', 'USER003', 300000, '2024-01-20', 0, 'PayPal'),
('ORD004', 'USER001', 250000, '2024-01-25', 0, 'PayPal'),
('ORD005', 'USER004', 180000, '2024-02-01', 0, 'PayPal'),
('ORD006', 'USER002', 220000, '2024-02-10', 0, 'PayPal'),
('ORD007', 'USER005', 320000, '2024-02-15', 0, 'PayPal'),
('ORD008', 'USER003', 270000, '2024-02-20', 0, 'PayPal'),
('ORD009', 'USER004', 150000, '2024-03-01', 0, 'PayPal'),
('ORD010', 'USER001', 290000, '2024-03-05', 0, 'PayPal'),
('ORD011', 'USER002', 210000, '2024-03-10', 0, 'PayPal'),
('ORD012', 'USER003', 300000, '2024-03-15', 0, 'PayPal'),
('ORD013', 'USER004', 160000, '2024-03-20', 0, 'PayPal'),
('ORD014', 'USER005', 280000, '2024-03-25', 0, 'PayPal'),
('ORD015', 'USER001', 340000, '2024-04-01', 0, 'PayPal'),
('ORD016', 'USER002', 190000, '2024-04-05', 0, 'PayPal'),
('ORD017', 'USER003', 220000, '2024-04-10', 0, 'PayPal'),
('ORD018', 'USER004', 170000, '2024-04-15', 0, 'PayPal'),
('ORD019', 'USER005', 360000, '2024-04-20', 0, 'PayPal'),
('ORD020', 'USER001', 310000, '2024-04-25', 0, 'PayPal');


-- Inserting sample data into the [OrderDetail] table using TicketId and OrderId
-- Sample data for OrderDetail table
INSERT INTO [OrderDetail] ([OrderDetailId], [OrderId], [TicketId], [Price], [Quantity]) VALUES
('OD001', 'ORD001', 'TICKET001', 150000, 1),
('OD002', 'ORD001', 'TICKET002', 150000, 1),
('OD003', 'ORD002', 'TICKET003', 200000, 1),
('OD004', 'ORD002', 'TICKET004', 200000, 1),
('OD005', 'ORD003', 'TICKET005', 300000, 1),
('OD006', 'ORD003', 'TICKET006', 300000, 1),
('OD007', 'ORD004', 'TICKET007', 250000, 1),
('OD008', 'ORD005', 'TICKET008', 180000, 1),
('OD009', 'ORD006', 'TICKET009', 220000, 1),
('OD010', 'ORD007', 'TICKET010', 320000, 1),
('OD011', 'ORD008', 'TICKET011', 270000, 1),
('OD012', 'ORD009', 'TICKET012', 150000, 1),
('OD013', 'ORD010', 'TICKET013', 290000, 1),
('OD014', 'ORD011', 'TICKET014', 210000, 1),
('OD015', 'ORD012', 'TICKET015', 300000, 1),
('OD016', 'ORD013', 'TICKET016', 160000, 1),
('OD017', 'ORD014', 'TICKET017', 280000, 1),
('OD018', 'ORD015', 'TICKET018', 340000, 1),
('OD019', 'ORD016', 'TICKET019', 190000, 1),
('OD020', 'ORD017', 'TICKET020', 220000, 1);


USE [TicketResellManagement]
GO

-- Sample data for TicketCategory table ensuring all tickets have categories
INSERT INTO [TicketResellManagement].[dbo].[TicketCategory] ([TicketId], [CategoryId]) VALUES
('TICKET001', 'CAT001'),
('TICKET001', 'CAT002'),
('TICKET002', 'CAT001'),
('TICKET002', 'CAT003'),
('TICKET002', 'CAT004'),
('TICKET003', 'CAT002'),
('TICKET003', 'CAT005'),
('TICKET004', 'CAT003'),
('TICKET004', 'CAT006'),
('TICKET004', 'CAT007'),
('TICKET005', 'CAT001'),
('TICKET005', 'CAT002'),
('TICKET005', 'CAT008'),
('TICKET006', 'CAT002'),
('TICKET006', 'CAT009'),
('TICKET007', 'CAT004'),
('TICKET007', 'CAT010'),
('TICKET008', 'CAT001'),
('TICKET009', 'CAT003'),
('TICKET009', 'CAT005'),
('TICKET010', 'CAT006'),
('TICKET010', 'CAT007'),
('TICKET011', 'CAT008'),
('TICKET012', 'CAT002'),
('TICKET012', 'CAT003'),
('TICKET012', 'CAT005'),
('TICKET013', 'CAT001'),
('TICKET014', 'CAT009'),
('TICKET014', 'CAT010'),
('TICKET015', 'CAT001'),
('TICKET015', 'CAT002'),
('TICKET016', 'CAT003'),
('TICKET017', 'CAT004'),
('TICKET017', 'CAT005'),
('TICKET018', 'CAT006'),
('TICKET019', 'CAT007'),
('TICKET020', 'CAT001'),
('TICKET021', 'CAT002'),
('TICKET022', 'CAT008'),
('TICKET022', 'CAT010'),
('TICKET023', 'CAT003'),
('TICKET024', 'CAT005'),
('TICKET025', 'CAT006'),
('TICKET026', 'CAT001'),
('TICKET027', 'CAT002'),
('TICKET028', 'CAT003'),
('TICKET029', 'CAT004'),
('TICKET030', 'CAT009'),
('TICKET030', 'CAT010');














